title,description,narrator,genre,duration,releaseYear,fileUrl,thumbnailUrl,backdrop,trailer,views,downloads,isFeatured,isActive,uploaderEmail
Teach Lesson S01 E01,,Rocky Kimomo,Drama,2700,2026,https://www.mediafire.com/file/0hu04xih8gm6a6c/TEACH_LEASSON_S01_E01.mp4/file,,,,0,0,FALSE,TRUE,admin@fiestaflix.com
Teach Lesson S01 E02,,Rocky Kimomo,Drama,2700,2026,https://www.mediafire.com/file/2m709vv624cjzb8/TEACH_LEASSON_E2_.mp4/file,,,,0,0,FALSE,TRUE,admin@fiestaflix.com
Teach Lesson S01 E03,,Rocky Kimomo,Drama,2700,2026,https://www.mediafire.com/file/yew4563bfrsvvjx/TEACH_LEASSON_E03.mp4/file,,,,0,0,FALSE,TRUE,admin@fiestaflix.com
Teach Lesson S01 E04,,Rocky Kimomo,Drama,2700,2026,https://www.mediafire.com/file/v82r7a1eu8lrwma/TEACH_A_LESSON_EP_04_.mp4/file,,,,0,0,FALSE,TRUE,admin@fiestaflix.com
No Good Deed,,Sankara,"Crime, Thriller",6000,2026,https://www.mediafire.com/file/bpy1zdxdql1ie4f/No_good_deed.mp4/file,,,,0,0,FALSE,TRUE,admin@fiestaflix.com
Let It Shine,,Rocky Kimomo,"Comedy, Romance",6240,2012,https://www.mediafire.com/file/jz6maf65arpaucx/LET_IT_SHINE_HD_ROCKY.mp4/file,,,,0,0,FALSE,TRUE,admin@fiestaflix.com
Between Father and Son Ep 1,Mexican drama and thriller miniseries,Dylan Kabaka,"Drama, Thriller",1200,2026,https://www.mediafire.com/file/3fz2b3jblql024r/Between_Father_and_Son_Ep1.mp4/file,,,,0,0,FALSE,TRUE,admin@fiestaflix.com
Between Father and Son Ep 2,Mexican drama and thriller miniseries,Dylan Kabaka,"Drama, Thriller",1200,2026,https://www.mediafire.com/file/shpjiiu362iu9ls/Between_Father_and_Son_Ep2.mp4/file,,,,0,0,FALSE,TRUE,admin@fiestaflix.com
Between Father and Son Ep 3,Mexican drama and thriller miniseries,Dylan Kabaka,"Drama, Thriller",1200,2026,https://www.mediafire.com/file/fp5gdkfc23ad6b8/Between_Father_and_Son__Ep3.mp4/file,,,,0,0,FALSE,TRUE,admin@fiestaflix.com
Between Father and Son Ep 4,Mexican drama and thriller miniseries,Dylan Kabaka,"Drama, Thriller",1200,2026,https://www.mediafire.com/file/64lyyma5z5l45mz/Between_Father_and_Son_Ep4.mp4/file,,,,0,0,FALSE,TRUE,admin@fiestaflix.com
Between Father and Son Ep 5,Mexican drama and thriller miniseries,Dylan Kabaka,"Drama, Thriller",1200,2026,https://www.mediafire.com/file/233d5zny4kxheu5/Between_Father_and_Son_Ep5.mp4/file,,,,0,0,FALSE,TRUE,admin@fiestaflix.com
Between Father and Son Ep 6,Mexican drama and thriller miniseries,Dylan Kabaka,"Drama, Thriller",1200,2026,https://www.mediafire.com/file/xbhw2qug37rsjj1/Between_Father_and_Son_Ep6.mp4/file,,,,0,0,FALSE,TRUE,admin@fiestaflix.com
Between Father and Son Ep 7,Mexican drama and thriller miniseries,Dylan Kabaka,"Drama, Thriller",1200,2026,https://www.mediafire.com/file/jszqgwbyyi84rsu/Between_Father_and_Son_Ep7.mp4/file,,,,0,0,FALSE,TRUE,admin@fiestaflix.com
Between Father and Son Ep 8,Mexican drama and thriller miniseries,Dylan Kabaka,"Drama, Thriller",1200,2026,https://www.mediafire.com/file/01w7dajldtie2px/Between_Father_and_Son_Ep8.mp4/file,,,,0,0,FALSE,TRUE,admin@fiestaflix.com
Between Father and Son Ep 9,Mexican drama and thriller miniseries,Dylan Kabaka,"Drama, Thriller",1200,2026,https://www.mediafire.com/file/hdfpr5oy087z30y/Between_Father_and_Son_Ep9.mp4/file,,,,0,0,FALSE,TRUE,admin@fiestaflix.com
Knock Knock - Part A,An erotic thriller where a devoted father's life unravels after helping two stranded women.,Rocky,Thriller,3600,2015,https://www.mediafire.com/file/c6xa76fu6nupptd/KNOCK_KNOCK_A.mp4/file,,,,0,0,FALSE,TRUE,admin@fiestaflix.com
Knock Knock - Part B,An erotic thriller where a devoted father's life unravels after helping two stranded women.,Rocky,Thriller,3600,2015,https://www.mediafire.com/file/jj0827ckyt2gpnd/KNOCK_KNOCK_B.mp4/file,,,,0,0,FALSE,TRUE,admin@fiestaflix.com
A.D. The Bible Continues Ep 1,"When Jesus is crucified by Pontius Pilate, the unparalleled impact of his death and resurrection on his followers, the Jewish elders and the Romans lays the foundation for a new religion.",Savimbi,"Drama, History",2640,2013,https://www.mediafire.com/file/jwqeex6rmckhzol/Ad_The_Bible_Continues_Ep1_Hd_Mp4.mp4/file,https://encrypted-tbn0.gstatic.com/images?q=tbn:ANd9GcTp1nGUwHnzag7mmfUjpeLJK6qeuuUdMwn3D23MUUftI4WqJDDXj7f27M6wFgbgK5je4eK9O1Z79v5bYRSObGbW-o4qNiltcf2Qa3nE5gI&s=10,,,0,0,FALSE,TRUE,admin@fiestaflix.com
A.D. The Bible Continues Ep 2,"When Jesus is crucified by Pontius Pilate, the unparalleled impact of his death and resurrection on his followers, the Jewish elders and the Romans lays the foundation for a new religion.",Savimbi,"Drama, History",2640,2013,https://www.mediafire.com/file/ibho2lrscjbqxbw/Ad_The_Bible_Continues_Ep2_Hd_Mp4.mp4/file,https://encrypted-tbn0.gstatic.com/images?q=tbn:ANd9GcTp1nGUwHnzag7mmfUjpeLJK6qeuuUdMwn3D23MUUftI4WqJDDXj7f27M6wFgbgK5je4eK9O1Z79v5bYRSObGbW-o4qNiltcf2Qa3nE5gI&s=10,,,0,0,FALSE,TRUE,admin@fiestaflix.com
A.D. The Bible Continues Ep 3,"When Jesus is crucified by Pontius Pilate, the unparalleled impact of his death and resurrection on his followers, the Jewish elders and the Romans lays the foundation for a new religion.",Savimbi,"Drama, History",2640,2013,https://www.mediafire.com/file/9tbhnyfxxxo1l5l/Ad_The_Bible_Continues_Ep3_Hd_Mp4.mp4/file,https://encrypted-tbn0.gstatic.com/images?q=tbn:ANd9GcTp1nGUwHnzag7mmfUjpeLJK6qeuuUdMwn3D23MUUftI4WqJDDXj7f27M6wFgbgK5je4eK9O1Z79v5bYRSObGbW-o4qNiltcf2Qa3nE5gI&s=10,,,0,0,FALSE,TRUE,admin@fiestaflix.com
A.D. The Bible Continues Ep 4,"When Jesus is crucified by Pontius Pilate, the unparalleled impact of his death and resurrection on his followers, the Jewish elders and the Romans lays the foundation for a new religion.",Savimbi,"Drama, History",2640,2013,https://www.mediafire.com/file/4dl2hi2k3bxeloe/Ad_The_Bible_Continues_Ep4_Hd_Mp4.mp4/file,https://encrypted-tbn0.gstatic.com/images?q=tbn:ANd9GcTp1nGUwHnzag7mmfUjpeLJK6qeuuUdMwn3D23MUUftI4WqJDDXj7f27M6wFgbgK5je4eK9O1Z79v5bYRSObGbW-o4qNiltcf2Qa3nE5gI&s=10,,,0,0,FALSE,TRUE,admin@fiestaflix.com
A.D. The Bible Continues Ep 5,"When Jesus is crucified by Pontius Pilate, the unparalleled impact of his death and resurrection on his followers, the Jewish elders and the Romans lays the foundation for a new religion.",Savimbi,"Drama, History",2640,2013,https://www.mediafire.com/file/4ry6y0ndxas6vlb/Ad_The_Bible_Continues_Ep5_Hd_Mp4.mp4/file,https://encrypted-tbn0.gstatic.com/images?q=tbn:ANd9GcTp1nGUwHnzag7mmfUjpeLJK6qeuuUdMwn3D23MUUftI4WqJDDXj7f27M6wFgbgK5je4eK9O1Z79v5bYRSObGbW-o4qNiltcf2Qa3nE5gI&s=10,,,0,0,FALSE,TRUE,admin@fiestaflix.com
A.D. The Bible Continues Ep 6,"When Jesus is crucified by Pontius Pilate, the unparalleled impact of his death and resurrection on his followers, the Jewish elders and the Romans lays the foundation for a new religion.",Savimbi,"Drama, History",2640,2013,https://www.mediafire.com/file/5iehtt25fmcyuic/Ad_The_Bible_Continues_Ep6_Hd_Mp4.mp4/file,https://encrypted-tbn0.gstatic.com/images?q=tbn:ANd9GcTp1nGUwHnzag7mmfUjpeLJK6qeuuUdMwn3D23MUUftI4WqJDDXj7f27M6wFgbgK5je4eK9O1Z79v5bYRSObGbW-o4qNiltcf2Qa3nE5gI&s=10,,,0,0,FALSE,TRUE,admin@fiestaflix.com
A.D. The Bible Continues Ep 7,"When Jesus is crucified by Pontius Pilate, the unparalleled impact of his death and resurrection on his followers, the Jewish elders and the Romans lays the foundation for a new religion.",Savimbi,"Drama, History",2640,2013,https://www.mediafire.com/file/3xqxxih6xlrufmf/Ad_The_Bible_Continues_Ep7_Hd_Mp4.mp4/file,https://encrypted-tbn0.gstatic.com/images?q=tbn:ANd9GcTp1nGUwHnzag7mmfUjpeLJK6qeuuUdMwn3D23MUUftI4WqJDDXj7f27M6wFgbgK5je4eK9O1Z79v5bYRSObGbW-o4qNiltcf2Qa3nE5gI&s=10,,,0,0,FALSE,TRUE,admin@fiestaflix.com
A.D. The Bible Continues Ep 8,"When Jesus is crucified by Pontius Pilate, the unparalleled impact of his death and resurrection on his followers, the Jewish elders and the Romans lays the foundation for a new religion.",Savimbi,"Drama, History",2640,2013,https://www.mediafire.com/file/xr92ehhgrqxtxb2/Ad_The_Bible_Continues_Ep8_Hd_Mp4.mp4/file,https://encrypted-tbn0.gstatic.com/images?q=tbn:ANd9GcTp1nGUwHnzag7mmfUjpeLJK6qeuuUdMwn3D23MUUftI4WqJDDXj7f27M6wFgbgK5je4eK9O1Z79v5bYRSObGbW-o4qNiltcf2Qa3nE5gI&s=10,,,0,0,FALSE,TRUE,admin@fiestaflix.com
A.D. The Bible Continues Ep 9,"When Jesus is crucified by Pontius Pilate, the unparalleled impact of his death and resurrection on his followers, the Jewish elders and the Romans lays the foundation for a new religion.",Savimbi,"Drama, History",2640,2013,https://www.mediafire.com/file/vy1gufbdhc35u5p/Ad_The_Bible_Continues_Ep9_Hd_Mp4.mp4/file,https://encrypted-tbn0.gstatic.com/images?q=tbn:ANd9GcTp1nGUwHnzag7mmfUjpeLJK6qeuuUdMwn3D23MUUftI4WqJDDXj7f27M6wFgbgK5je4eK9O1Z79v5bYRSObGbW-o4qNiltcf2Qa3nE5gI&s=10,,,0,0,FALSE,TRUE,admin@fiestaflix.com
A.D. The Bible Continues Ep 10,"When Jesus is crucified by Pontius Pilate, the unparalleled impact of his death and resurrection on his followers, the Jewish elders and the Romans lays the foundation for a new religion.",Savimbi,"Drama, History",2640,2013,https://www.mediafire.com/file/h1g20he7qfzl0sj/Ad_The_Bible_Continues_Ep10_Hd_Mp4.mp4/file,https://encrypted-tbn0.gstatic.com/images?q=tbn:ANd9GcTp1nGUwHnzag7mmfUjpeLJK6qeuuUdMwn3D23MUUftI4WqJDDXj7f27M6wFgbgK5je4eK9O1Z79v5bYRSObGbW-o4qNiltcf2Qa3nE5gI&s=10,,,0,0,FALSE,TRUE,admin@fiestaflix.com
A.D. The Bible Continues Ep 11,"When Jesus is crucified by Pontius Pilate, the unparalleled impact of his death and resurrection on his followers, the Jewish elders and the Romans lays the foundation for a new religion.",Savimbi,"Drama, History",2640,2013,https://www.mediafire.com/file/3x89rsybqsz595u/Ad_The_Bible_Continues_Ep11_Mp4.mp4/file,https://encrypted-tbn0.gstatic.com/images?q=tbn:ANd9GcTp1nGUwHnzag7mmfUjpeLJK6qeuuUdMwn3D23MUUftI4WqJDDXj7f27M6wFgbgK5je4eK9O1Z79v5bYRSObGbW-o4qNiltcf2Qa3nE5gI&s=10,,,0,0,FALSE,TRUE,admin@fiestaflix.com
A.D. The Bible Continues Ep 12 Final,"When Jesus is crucified by Pontius Pilate, the unparalleled impact of his death and resurrection on his followers, the Jewish elders and the Romans lays the foundation for a new religion.",Savimbi,"Drama, History",2640,2013,https://www.mediafire.com/file/9i07bm1m060qxri/Ad_The_Bible_Continues_Ep12_Final_Hd_Mp4.mp4/file,https://encrypted-tbn0.gstatic.com/images?q=tbn:ANd9GcTp1nGUwHnzag7mmfUjpeLJK6qeuuUdMwn3D23MUUftI4WqJDDXj7f27M6wFgbgK5je4eK9O1Z79v5bYRSObGbW-o4qNiltcf2Qa3nE5gI&s=10,,,0,0,FALSE,TRUE,admin@fiestaflix.com
Doing Life,A lighthearted romantic comedy following an unexpected path to love.,Rocky,"Comedy, Romance",6000,2026,https://www.mediafire.com/file/ouzzvgmjpz6v54z/DOING_LIFE_.mp4/file,https://encrypted-tbn0.gstatic.com/images?q=tbn:ANd9GcTm4rQ6z6rnJW22OuVmVvGMUOEHTkqFNHoVtQLAWwAwUw&s=10,,,0,0,FALSE,TRUE,admin@fiestaflix.com
Step Up Revolution 4 - Part A,A crew of street dancers stages elaborate flash mobs in Miami.,Didier,"Drama, Music",3000,2020,https://www.mediafire.com/file/hhl0s3rp3epik8s/Step_Up_Revolution_4_A_Hd.mp4/file,,,,0,0,FALSE,TRUE,admin@fiestaflix.com
Step Up Revolution 4 - Part B,A crew of street dancers stages elaborate flash mobs in Miami.,Didier,"Drama, Music",3000,2020,https://www.mediafire.com/file/8fxv4gsutvg5ybi/Step_Up_Revolution__B_Hd.mp4/file,,,,0,0,FALSE,TRUE,admin@fiestaflix.com
Mayday - Part A,High-intensity survival action when an emergency forced landing leads to a dangerous territory.,Rocky,"Action, Thriller",3200,2026,https://www.mediafire.com/file/az2qe9d2msmr93v/MAYDAY_A.mp4/file,,,,0,0,FALSE,TRUE,admin@fiestaflix.com
Mayday - Part B,High-intensity survival action when an emergency forced landing leads to a dangerous territory.,Rocky,"Action, Thriller",3200,2026,https://www.mediafire.com/file/a9emsly6ggkw0yz/MAYDAY_B_.mp4/file,,,,0,0,FALSE,TRUE,admin@fiestaflix.com
The Fast and the Furious 1,Undercover LAPD officer Brian O'Conner infiltrates a street racing hijack crew.,Didier,"Action, Crime",6360,2020,https://www.mediafire.com/file/swzsthn3fvebfyc/The_Fast_And_The_Furious_1_Hd.mp4/file,,,,0,0,FALSE,TRUE,admin@fiestaflix.com
Taken S01 Ep 1,"Bryan Mills, a former CIA agent, sets out to take revenge on his enemies after a tragic incident changes his life entirely.",Rocky,"Action, Thriller",2700,2024,https://www.mediafire.com/file/sk8kjwrhzyxf77l/TAKEN_S01_EP_01.mp4/file,,,,0,0,FALSE,TRUE,admin@fiestaflix.com
Taken S01 Ep 2,"Bryan Mills, a former CIA agent, sets out to take revenge on his enemies after a tragic incident changes his life entirely.",Rocky,"Action, Thriller",2700,2024,https://www.mediafire.com/file/9x6iik3zpynwilk/TAKEN_S01_EP_02.mp4/file,,,,0,0,FALSE,TRUE,admin@fiestaflix.com
Taken S01 Ep 3,"Bryan Mills, a former CIA agent, sets out to take revenge on his enemies after a tragic incident changes his life entirely.",Rocky,"Action, Thriller",2700,2024,https://www.mediafire.com/file/slwwervse7yowyy/TAKEN_S01_EP_03.mp4/file,,,,0,0,FALSE,TRUE,admin@fiestaflix.com
Taken S01 Ep 4,"Bryan Mills, a former CIA agent, sets out to take revenge on his enemies after a tragic incident changes his life entirely.",Rocky,"Action, Thriller",2700,2024,https://www.mediafire.com/file/ta3j152ydd48h31/TAKEN_S01_EP_04.mp4/file,,,,0,0,FALSE,TRUE,admin@fiestaflix.com
Taken S01 Ep 5,"Bryan Mills, a former CIA agent, sets out to take revenge on his enemies after a tragic incident changes his life entirely.",Rocky,"Action, Thriller",2700,2024,https://www.mediafire.com/file/v9tlb5vuxd67r63/TAKEN_S01_EP_05.mp4/file,,,,0,0,FALSE,TRUE,admin@fiestaflix.com
Escape and Evasion,"Haunted by the memories of a bungled mission in Myanmar, a lone soldier returns to Australia to seek solace. However, he decides to put an end to his misery after he is confronted by a journalist.",Junior Giti,"Drama, War",5700,2025,https://www.mediafire.com/file/xw91hq9oqvipufa/Escape_and_Evasion.mp4/file,,,,0,0,FALSE,TRUE,admin@fiestaflix.com
Vishwanath and Sons - Part A,"An aging international shooter remains dedicated to his career. However, growing family obligations and an unexpected new romance force him to re-evaluate his life's priorities.",Rocky,Drama,3000,2026,https://www.mediafire.com/file/psqsnndecw78xqc/VISHWANA_A.mp4/file,,,,0,0,FALSE,TRUE,admin@fiestaflix.com
Vishwanath and Sons - Part B,"An aging international shooter remains dedicated to his career. However, growing family obligations and an unexpected new romance force him to re-evaluate his life's priorities.",Rocky,Drama,3000,2026,https://www.mediafire.com/file/59bgo33ask1nze2/VISHWANATH_B.mp4/file,,,,0,0,FALSE,TRUE,admin@fiestaflix.com
Vishwanath and Sons - Part C,"An aging international shooter remains dedicated to his career. However, growing family obligations and an unexpected new romance force him to re-evaluate his life's priorities.",Rocky,Drama,3000,2026,https://www.mediafire.com/file/c3axzu9zu2ril95/VISHWANATH_C.mp4/file,,,,0,0,FALSE,TRUE,admin@fiestaflix.com
Beauty in Black S03 Ep 01,"A stripper's fate takes a turn when she crosses paths with the wealthy, dysfunctional family behind a cosmetics dynasty and a devious trafficking scheme.",Rocky Kimomo,Drama,2700,2026,https://www.mediafire.com/file/9qxlplnnsp9p79z/BEAUTY_IN_BLACK_S03_E01_.mp4/file,,,,0,0,FALSE,TRUE,admin@fiestaflix.com
Beauty in Black S03 Ep 02,"A stripper's fate takes a turn when she crosses paths with the wealthy, dysfunctional family behind a cosmetics dynasty and a devious trafficking scheme.",Rocky Kimomo,Drama,2700,2026,https://www.mediafire.com/file/jrae1lbbhdhrl87/BEAUTY_IN_BLACK_S03_E02_%25281%2529.mp4/file,,,,0,0,FALSE,TRUE,admin@fiestaflix.com
Beauty in Black S03 Ep 03,"A stripper's fate takes a turn when she crosses paths with the wealthy, dysfunctional family behind a cosmetics dynasty and a devious trafficking scheme.",Rocky Kimomo,Drama,2700,2026,https://www.mediafire.com/file/lsqtxtw2d6e9x7k/BEAUTY_IN_BLACK_S03_E03_%25281%2529.mp4/file,,,,0,0,FALSE,TRUE,admin@fiestaflix.com
Beauty in Black S03 Ep 04,"A stripper's fate takes a turn when she crosses paths with the wealthy, dysfunctional family behind a cosmetics dynasty and a devious trafficking scheme.",Rocky Kimomo,Drama,2700,2026,https://www.mediafire.com/file/qmgeueamdnfo36b/BEAUTY_IN_BLACK_S03_E04_%25281%2529.mp4/file,,,,0,0,FALSE,TRUE,admin@fiestaflix.com
Beauty in Black S03 Ep 05,"A stripper's fate takes a turn when she crosses paths with the wealthy, dysfunctional family behind a cosmetics dynasty and a devious trafficking scheme.",Rocky Kimomo,Drama,2700,2026,https://www.mediafire.com/file/xp8p9z1op25si6b/BEAUTY_IN_BLACK_S03_E05_%25281%2529.mp4/file,,,,0,0,FALSE,TRUE,admin@fiestaflix.com
Beauty in Black S03 Ep 06,"A stripper's fate takes a turn when she crosses paths with the wealthy, dysfunctional family behind a cosmetics dynasty and a devious trafficking scheme.",Rocky Kimomo,Drama,2700,2026,https://www.mediafire.com/file/bux5yeh17pcz2yj/BEAUTY_IN_BLACK_S03_E06.mp4/file,,,,0,0,FALSE,TRUE,admin@fiestaflix.com
Beauty in Black S03 Ep 07,"A stripper's fate takes a turn when she crosses paths with the wealthy, dysfunctional family behind a cosmetics dynasty and a devious trafficking scheme.",Rocky Kimomo,Drama,2700,2026,https://www.mediafire.com/file/gnndv3p3mlp6yph/BEAUTY_IN_BLACK_S03E07.mp4/file,,,,0,0,FALSE,TRUE,admin@fiestaflix.com
Beauty in Black S03 Ep 08,"A stripper's fate takes a turn when she crosses paths with the wealthy, dysfunctional family behind a cosmetics dynasty and a devious trafficking scheme.",Rocky Kimomo,Drama,2700,2026,https://www.mediafire.com/file/rca8h2n1shwdl4t/BEAUTY_IN_BLACK_S03E08.mp4/file,,,,0,0,FALSE,TRUE,admin@fiestaflix.com
Alpha - Part A,"Two girls are forced to join forces and pushed to their limits as they confront a ruthless nemesis, leading to a brutal showdown with unexpected allies.",Rocky Kimomo,"Action, Drama",3300,2026,https://www.mediafire.com/file/xpyvkcz2mzmlz6y/ALPHA_ROCKY.mp4/file,https://encrypted-tbn0.gstatic.com/images?q=tbn:ANd9GcQa1c3VhMulFJGAAwQAWEwvNpNpxAoT-jK44e62ZV7KAUU6mB3LUSnY&usqp=CAE&s,,,0,0,FALSE,TRUE,admin@fiestaflix.com
Alpha - Part B,"Two girls are forced to join forces and pushed to their limits as they confront a ruthless nemesis, leading to a brutal showdown with unexpected allies.",Rocky Kimomo,"Action, Drama",3300,2026,https://www.mediafire.com/file/n4v1kf0ns4mlmnb/ALPHA__B_BY_ROCKY.mp4/file,https://encrypted-tbn0.gstatic.com/images?q=tbn:ANd9GcQa1c3VhMulFJGAAwQAWEwvNpNpxAoT-jK44e62ZV7KAUU6mB3LUSnY&usqp=CAE&s,,,0,0,FALSE,TRUE,admin@fiestaflix.com
Outer Banks S05 Ep 01,A teenager enlists his three best friends to hunt for a legendary treasure linked to his father's disappearance.,Rocky Kimomo,"Action, Adventure",3000,2026,https://www.mediafire.com/file/t1n9iw6gy0qbudf/OUTERBANK_S05E01.mp4/file,https://encrypted-tbn0.gstatic.com/images?q=tbn:ANd9GcRngMyfXNkgiDZ_KXsFxpdxDbPBw0N2YsNZlnZhAQEixoXlM1eXInrC&usqp=CAE&s,,,0,0,FALSE,TRUE,admin@fiestaflix.com
Outer Banks S05 Ep 02,A teenager enlists his three best friends to hunt for a legendary treasure linked to his father's disappearance.,Rocky Kimomo,"Action, Adventure",3000,2026,https://www.mediafire.com/file/zu56gqrrp3t3nry/OUTER_BANKS_S05E02.mp4/file,https://encrypted-tbn0.gstatic.com/images?q=tbn:ANd9GcRngMyfXNkgiDZ_KXsFxpdxDbPBw0N2YsNZlnZhAQEixoXlM1eXInrC&usqp=CAE&s,,,0,0,FALSE,TRUE,admin@fiestaflix.com
Outer Banks S05 Ep 03,A teenager enlists his three best friends to hunt for a legendary treasure linked to his father's disappearance.,Rocky Kimomo,"Action, Adventure",3000,2026,https://www.mediafire.com/file/6zebat1sjougyo0/OUTER_BANKS_S05E03.mp4/file,https://encrypted-tbn0.gstatic.com/images?q=tbn:ANd9GcRngMyfXNkgiDZ_KXsFxpdxDbPBw0N2YsNZlnZhAQEixoXlM1eXInrC&usqp=CAE&s,,,0,0,FALSE,TRUE,admin@fiestaflix.com
Outer Banks S05 Ep 04,A teenager enlists his three best friends to hunt for a legendary treasure linked to his father's disappearance.,Rocky Kimomo,"Action, Adventure",3000,2026,https://www.mediafire.com/file/a55p4fgjoknskfb/OUTER_BANKS_S05EP04.mp4/file,https://encrypted-tbn0.gstatic.com/images?q=tbn:ANd9GcRngMyfXNkgiDZ_KXsFxpdxDbPBw0N2YsNZlnZhAQEixoXlM1eXInrC&usqp=CAE&s,,,0,0,FALSE,TRUE,admin@fiestaflix.com
Outer Banks S05 Ep 05,A teenager enlists his three best friends to hunt for a legendary treasure linked to his father's disappearance.,Rocky Kimomo,"Action, Adventure",3000,2026,https://www.mediafire.com/file/m6uq3bnwczt4oib/OUTER_BANK_S05E05.mp4/file,https://encrypted-tbn0.gstatic.com/images?q=tbn:ANd9GcRngMyfXNkgiDZ_KXsFxpdxDbPBw0N2YsNZlnZhAQEixoXlM1eXInrC&usqp=CAE&s,,,0,0,FALSE,TRUE,admin@fiestaflix.com
Outer Banks S05 Ep 06,A teenager enlists his three best friends to hunt for a legendary treasure linked to his father's disappearance.,Rocky Kimomo,"Action, Adventure",3000,2026,https://www.mediafire.com/file/e4a6khjchv5t6md/OUTER_BANK_S05_6.mp4/file,https://encrypted-tbn0.gstatic.com/images?q=tbn:ANd9GcRngMyfXNkgiDZ_KXsFxpdxDbPBw0N2YsNZlnZhAQEixoXlM1eXInrC&usqp=CAE&s,,,0,0,FALSE,TRUE,admin@fiestaflix.com
Outer Banks S05 Ep 07,A teenager enlists his three best friends to hunt for a legendary treasure linked to his father's disappearance.,Rocky Kimomo,"Action, Adventure",3000,2026,https://www.mediafire.com/file/wentosjl2m1k91x/OUTERBANKS_S05E07.mp4/file,https://encrypted-tbn0.gstatic.com/images?q=tbn:ANd9GcRngMyfXNkgiDZ_KXsFxpdxDbPBw0N2YsNZlnZhAQEixoXlM1eXInrC&usqp=CAE&s,,,0,0,FALSE,TRUE,admin@fiestaflix.com
Outer Banks S05 Ep 08,A teenager enlists his three best friends to hunt for a legendary treasure linked to his father's disappearance.,Rocky Kimomo,"Action, Adventure",3000,2026,https://www.mediafire.com/file/7nwqm86n99zicj9/OUTERBANKS_S05E08.mp4/file,https://encrypted-tbn0.gstatic.com/images?q=tbn:ANd9GcRngMyfXNkgiDZ_KXsFxpdxDbPBw0N2YsNZlnZhAQEixoXlM1eXInrC&usqp=CAE&s,,,0,0,FALSE,TRUE,admin@fiestaflix.com
Outer Banks S05 Ep 09,A teenager enlists his three best friends to hunt for a legendary treasure linked to his father's disappearance.,Rocky Kimomo,"Action, Adventure",3000,2026,https://www.mediafire.com/file/ohko9obtzs277fm/OUTERBANKS_S05_EP_09.mp4/file,https://encrypted-tbn0.gstatic.com/images?q=tbn:ANd9GcRngMyfXNkgiDZ_KXsFxpdxDbPBw0N2YsNZlnZhAQEixoXlM1eXInrC&usqp=CAE&s,,,0,0,FALSE,TRUE,admin@fiestaflix.com
Outer Banks S05 Ep 10 Final,A teenager enlists his three best friends to hunt for a legendary treasure linked to his father's disappearance.,Rocky Kimomo,"Action, Adventure",3000,2026,https://www.mediafire.com/file/4sclxzopifiiuoi/OUTERBANKS_S05_EP_10_final__.mp4/file,https://encrypted-tbn0.gstatic.com/images?q=tbn:ANd9GcRngMyfXNkgiDZ_KXsFxpdxDbPBw0N2YsNZlnZhAQEixoXlM1eXInrC&usqp=CAE&s,,,0,0,FALSE,TRUE,admin@fiestaflix.com
A Frozen Flower,"When Korea's king is unable to father a male heir, he tasks his military commander with the duty, sparking a turbulent emotional rivalry.",PK,"Drama, Romance, History",7980,2026,https://www.mediafire.com/file/llzozb4toml6rrk/A_Frozen_Flower_Hd.mp4/file,,,,0,0,FALSE,TRUE,admin@fiestaflix.com
Law Abiding Citizen,"Clyde Shelton is desperate to exact revenge on those who killed his family as well as the police officials, including attorney Nick Rice, who could not guarantee a proper jail term for the culprits.",Rocky Kimomo,"Action, Crime, Thriller",6540,2026,https://www.mediafire.com/file/eoksylh6qq98747/low_abiding_citizen.mp4/file,https://encrypted-tbn0.gstatic.com/images?q=tbn:ANd9GcRPIozJzBDIOgwHdQrvleGMYgheaHUsXFAjJCTjsYcBBDFyhy6AOGOK&usqp=CAE&s,,,0,0,FALSE,TRUE,admin@fiestaflix.com
Shaque: Trust No One Ep 1,"Shaque: Trust No One is a mystery thriller television series exploring betrayal, buried secrets, and deceit.",Genius,"Mystery, Thriller",2580,2026,https://www.mediafire.com/file/68t2iluznsvcy77/SHAQUE_Ep1.mp4/file,https://encrypted-tbn0.gstatic.com/images?q=tbn:ANd9GcQQsvmn-Y2Sw8EVoCQyJ0svaHvq2F_LWF_WKiWvISK2eA&s=10,,,0,0,FALSE,TRUE,admin@fiestaflix.com
Shaque: Trust No One Ep 2,"Shaque: Trust No One is a mystery thriller television series exploring betrayal, buried secrets, and deceit.",Genius,"Mystery, Thriller",2580,2026,https://www.mediafire.com/file/gab218nvkrd6f8y/SHAQUE_EP2.mp4/file,https://encrypted-tbn0.gstatic.com/images?q=tbn:ANd9GcQQsvmn-Y2Sw8EVoCQyJ0svaHvq2F_LWF_WKiWvISK2eA&s=10,,,0,0,FALSE,TRUE,admin@fiestaflix.com
Shaque: Trust No One Ep 3,"Shaque: Trust No One is a mystery thriller television series exploring betrayal, buried secrets, and deceit.",Genius,"Mystery, Thriller",2580,2026,https://www.mediafire.com/file/e8hqc9skp6zitw3/SHAQUE_EP3.mp4/file,https://encrypted-tbn0.gstatic.com/images?q=tbn:ANd9GcQQsvmn-Y2Sw8EVoCQyJ0svaHvq2F_LWF_WKiWvISK2eA&s=10,,,0,0,FALSE,TRUE,admin@fiestaflix.com
Shaque: Trust No One Ep 4,"Shaque: Trust No One is a mystery thriller television series exploring betrayal, buried secrets, and deceit.",Genius,"Mystery, Thriller",2580,2026,https://www.mediafire.com/file/0hpciqe128xw7ji/SHAQUE_EP4.mp4/file,https://encrypted-tbn0.gstatic.com/images?q=tbn:ANd9GcQQsvmn-Y2Sw8EVoCQyJ0svaHvq2F_LWF_WKiWvISK2eA&s=10,,,0,0,FALSE,TRUE,admin@fiestaflix.com
Shaque: Trust No One Ep 5,"Shaque: Trust No One is a mystery thriller television series exploring betrayal, buried secrets, and deceit.",Genius,"Mystery, Thriller",2580,2026,https://www.mediafire.com/file/pw89xhpev4dnx7u/SHEQUE_EP_5.mp4/file,https://encrypted-tbn0.gstatic.com/images?q=tbn:ANd9GcQQsvmn-Y2Sw8EVoCQyJ0svaHvq2F_LWF_WKiWvISK2eA&s=10,,,0,0,FALSE,TRUE,admin@fiestaflix.com
Shaque: Trust No One Ep 6,"Shaque: Trust No One is a mystery thriller television series exploring betrayal, buried secrets, and deceit.",Genius,"Mystery, Thriller",2580,2026,https://www.mediafire.com/file/xznkzympugaa9nw/SHEQUE_EP6.mp4/file,https://encrypted-tbn0.gstatic.com/images?q=tbn:ANd9GcQQsvmn-Y2Sw8EVoCQyJ0svaHvq2F_LWF_WKiWvISK2eA&s=10,,,0,0,FALSE,TRUE,admin@fiestaflix.com
Shaque: Trust No One Ep 7 Final,"Shaque: Trust No One is a mystery thriller television series exploring betrayal, buried secrets, and deceit.",Genius,"Mystery, Thriller",2580,2026,https://www.mediafire.com/file/9vt275gcpdgt1ey/SHAQUE_EP7_FINAL.mp4/file,https://encrypted-tbn0.gstatic.com/images?q=tbn:ANd9GcQQsvmn-Y2Sw8EVoCQyJ0svaHvq2F_LWF_WKiWvISK2eA&s=10,,,0,0,FALSE,TRUE,admin@fiestaflix.com
Salakaar Ep 1,"A young Indian spy's covert mission interweaves with a veteran spymaster's past, revealing national secrets and hidden truths.",Skov,"Action, Thriller",2700,2026,https://www.mediafire.com/file/ymw7oybq5j3530f/SALAKAAR_EP_1_.mp4/file,https://encrypted-tbn0.gstatic.com/images?q=tbn:ANd9GcSMDNO70HP09wvki7_4yWu7VifAyUoYmngl7t4kqYBxzg&s=10,,,0,0,FALSE,TRUE,admin@fiestaflix.com
Salakaar Ep 2,"A young Indian spy's covert mission interweaves with a veteran spymaster's past, revealing national secrets and hidden truths.",Skov,"Action, Thriller",2700,2026,https://www.mediafire.com/file/oufv3ak71x4ia7c/SALAKAAR_EP_2.mp4/file,https://encrypted-tbn0.gstatic.com/images?q=tbn:ANd9GcSMDNO70HP09wvki7_4yWu7VifAyUoYmngl7t4kqYBxzg&s=10,,,0,0,FALSE,TRUE,admin@fiestaflix.com
Salakaar Ep 3,"A young Indian spy's covert mission interweaves with a veteran spymaster's past, revealing national secrets and hidden truths.",Skov,"Action, Thriller",2700,2026,https://www.mediafire.com/file/52hwoixj0jh2ild/salakaar_ep3.mp4/file,https://encrypted-tbn0.gstatic.com/images?q=tbn:ANd9GcSMDNO70HP09wvki7_4yWu7VifAyUoYmngl7t4kqYBxzg&s=10,,,0,0,FALSE,TRUE,admin@fiestaflix.com
Salakaar Ep 3 Part B,"A young Indian spy's covert mission interweaves with a veteran spymaster's past, revealing national secrets and hidden truths.",Skov,"Action, Thriller",2700,2026,https://www.mediafire.com/file/3tgs9nsmjnyplae/Salakaar_Ep3_b.mp4/file,https://encrypted-tbn0.gstatic.com/images?q=tbn:ANd9GcSMDNO70HP09wvki7_4yWu7VifAyUoYmngl7t4kqYBxzg&s=10,,,0,0,FALSE,TRUE,admin@fiestaflix.com
Salakaar Ep 4,"A young Indian spy's covert mission interweaves with a veteran spymaster's past, revealing national secrets and hidden truths.",Skov,"Action, Thriller",2700,2026,https://www.mediafire.com/file/p4z44t6kgnyfcvv/Salakaar_Ep4.mp4/file,https://encrypted-tbn0.gstatic.com/images?q=tbn:ANd9GcSMDNO70HP09wvki7_4yWu7VifAyUoYmngl7t4kqYBxzg&s=10,,,0,0,FALSE,TRUE,admin@fiestaflix.com
Salakaar Ep 5 Final,"A young Indian spy's covert mission interweaves with a veteran spymaster's past, revealing national secrets and hidden truths.",Skov,"Action, Thriller",2700,2026,https://www.mediafire.com/file/lg2i770h8w4sk8l/Salakaar_Ep5_Final.mp4/file,https://encrypted-tbn0.gstatic.com/images?q=tbn:ANd9GcSMDNO70HP09wvki7_4yWu7VifAyUoYmngl7t4kqYBxzg&s=10,,,0,0,FALSE,TRUE,admin@fiestaflix.com
Treadstone Ep 1,"From the world of Jason Bourne, Treadstone explores sleeper agents mysteriously awakening across the globe.",Rocky Kimomo,"Action, Thriller",2700,2026,https://www.mediafire.com/file/2q88edic2tdare5/Treadstone_Ep1.mp4/file,,,,0,0,FALSE,TRUE,admin@fiestaflix.com
Treadstone S01 Ep 2,"From the world of Jason Bourne, Treadstone explores sleeper agents mysteriously awakening across the globe.",Rocky Kimomo,"Action, Thriller",2700,2026,https://www.mediafire.com/file/iymzp0obvgt7o30/Treadstone_S01_E02_Hd.mp4/file,,,,0,0,FALSE,TRUE,admin@fiestaflix.com
Treadstone S01 Ep 3,"From the world of Jason Bourne, Treadstone explores sleeper agents mysteriously awakening across the globe.",Rocky Kimomo,"Action, Thriller",2700,2026,https://www.mediafire.com/file/jn6dds0ee5wbuv7/Treadstone_S01_E03_Hd.mp4/file,,,,0,0,FALSE,TRUE,admin@fiestaflix.com
Treadstone S01 Ep 4,"From the world of Jason Bourne, Treadstone explores sleeper agents mysteriously awakening across the globe.",Rocky Kimomo,"Action, Thriller",2700,2026,https://www.mediafire.com/file/2ilntyjz29oylx1/Treadstone_S01_E04_Hd.mp4/file,,,,0,0,FALSE,TRUE,admin@fiestaflix.com
Jumong Ep 01,"Ju Mong is conceived by Hae Mo Soo and Lady Yu Hwa, but raised as the son of Geum Wa; he yearns to meet his father and build a kingdom.",Master P,"Action, Drama, History",3900,2019,https://www.mediafire.com/file/wka9oz9cj1aqppz/Jumong_Ep1.mp4/file,,,,0,0,FALSE,TRUE,admin@fiestaflix.com
Jumong Ep 02,"Ju Mong is conceived by Hae Mo Soo and Lady Yu Hwa, but raised as the son of Geum Wa; he yearns to meet his father and build a kingdom.",Master P,"Action, Drama, History",3900,2019,https://www.mediafire.com/file/a8859ssno854aev/Jumong_2.mp4/file,,,,0,0,FALSE,TRUE,admin@fiestaflix.com
Jumong Ep 03,"Ju Mong is conceived by Hae Mo Soo and Lady Yu Hwa, but raised as the son of Geum Wa; he yearns to meet his father and build a kingdom.",Master P,"Action, Drama, History",3900,2019,https://www.mediafire.com/file/vu609udrym66k1e/Jumong_3.mp4/file,,,,0,0,FALSE,TRUE,admin@fiestaflix.com
Jumong Ep 04,"Ju Mong is conceived by Hae Mo Soo and Lady Yu Hwa, but raised as the son of Geum Wa; he yearns to meet his father and build a kingdom.",Master P,"Action, Drama, History",3900,2019,https://www.mediafire.com/file/y3a2boegk2cpbkr/Jumong_4.mp4/file,,,,0,0,FALSE,TRUE,admin@fiestaflix.com
Jumong Ep 05,"Ju Mong is conceived by Hae Mo Soo and Lady Yu Hwa, but raised as the son of Geum Wa; he yearns to meet his father and build a kingdom.",Master P,"Action, Drama, History",3900,2019,https://www.mediafire.com/file/hy59gwtwdc5b8gq/Jumong_Ep5%25281%2529.mp4/file,,,,0,0,FALSE,TRUE,admin@fiestaflix.com
Jumong Ep 06,"Ju Mong is conceived by Hae Mo Soo and Lady Yu Hwa, but raised as the son of Geum Wa; he yearns to meet his father and build a kingdom.",Master P,"Action, Drama, History",3900,2019,https://www.mediafire.com/file/3bee8ipvr457a6o/Jumong_6.mp4/file,,,,0,0,FALSE,TRUE,admin@fiestaflix.com
Jumong Ep 07,"Ju Mong is conceived by Hae Mo Soo and Lady Yu Hwa, but raised as the son of Geum Wa; he yearns to meet his father and build a kingdom.",Master P,"Action, Drama, History",3900,2019,https://www.mediafire.com/file/5kzccze1i7xdo0q/Jumong_Ep7.mp4/file,,,,0,0,FALSE,TRUE,admin@fiestaflix.com
Jumong Ep 08,"Ju Mong is conceived by Hae Mo Soo and Lady Yu Hwa, but raised as the son of Geum Wa; he yearns to meet his father and build a kingdom.",Master P,"Action, Drama, History",3900,2019,https://www.mediafire.com/file/o8v5ncum2363m3n/Jumong_8.mp4/file,,,,0,0,FALSE,TRUE,admin@fiestaflix.com
Jumong Ep 09,"Ju Mong is conceived by Hae Mo Soo and Lady Yu Hwa, but raised as the son of Geum Wa; he yearns to meet his father and build a kingdom.",Master P,"Action, Drama, History",3900,2019,https://hgcloud.to/hm2pxuogskym,,,,0,0,FALSE,TRUE,admin@fiestaflix.com
Jumong Ep 10,"Ju Mong is conceived by Hae Mo Soo and Lady Yu Hwa, but raised as the son of Geum Wa; he yearns to meet his father and build a kingdom.",Master P,"Action, Drama, History",3900,2019,https://hgcloud.to/0kr1uraqod14,,,,0,0,FALSE,TRUE,admin@fiestaflix.com
Jumong Ep 11,"Ju Mong is conceived by Hae Mo Soo and Lady Yu Hwa, but raised as the son of Geum Wa; he yearns to meet his father and build a kingdom.",Master P,"Action, Drama, History",3900,2019,https://www.mediafire.com/file/01aooskzhob8z80/Jumong_11.mp4/file,,,,0,0,FALSE,TRUE,admin@fiestaflix.com
Jumong Ep 12,"Ju Mong is conceived by Hae Mo Soo and Lady Yu Hwa, but raised as the son of Geum Wa; he yearns to meet his father and build a kingdom.",Master P,"Action, Drama, History",3900,2019,https://www.mediafire.com/file/kpdwyiis82bz0zr/Jumong_12.mp4/file,,,,0,0,FALSE,TRUE,admin@fiestaflix.com
Jumong Ep 13,"Ju Mong is conceived by Hae Mo Soo and Lady Yu Hwa, but raised as the son of Geum Wa; he yearns to meet his father and build a kingdom.",Master P,"Action, Drama, History",3900,2019,https://www.mediafire.com/file/cz4x9w1wfej38qu/Jumong_13.mp4/file,,,,0,0,FALSE,TRUE,admin@fiestaflix.com
Jumong Ep 14,"Ju Mong is conceived by Hae Mo Soo and Lady Yu Hwa, but raised as the son of Geum Wa; he yearns to meet his father and build a kingdom.",Master P,"Action, Drama, History",3900,2019,https://www.mediafire.com/file/rbi0bn2wombc0qx/Jumong_14.mp4/file,,,,0,0,FALSE,TRUE,admin@fiestaflix.com
Jumong Ep 15,"Ju Mong is conceived by Hae Mo Soo and Lady Yu Hwa, but raised as the son of Geum Wa; he yearns to meet his father and build a kingdom.",Master P,"Action, Drama, History",3900,2019,https://www.mediafire.com/file/mln0lhs68blie0r/Jumong_15.mp4/file,,,,0,0,FALSE,TRUE,admin@fiestaflix.com
Jumong Ep 16,"Ju Mong is conceived by Hae Mo Soo and Lady Yu Hwa, but raised as the son of Geum Wa; he yearns to meet his father and build a kingdom.",Master P,"Action, Drama, History",3900,2019,https://www.mediafire.com/file/i04d2p5qjv6klfk/Jumong_16.mp4/file,,,,0,0,FALSE,TRUE,admin@fiestaflix.com
Jumong Ep 17,"Ju Mong is conceived by Hae Mo Soo and Lady Yu Hwa, but raised as the son of Geum Wa; he yearns to meet his father and build a kingdom.",Master P,"Action, Drama, History",3900,2019,https://www.mediafire.com/file/p7bhqu0ie8q3bgf/Jumong_17.mp4/file,,,,0,0,FALSE,TRUE,admin@fiestaflix.com
Jumong Ep 18,"Ju Mong is conceived by Hae Mo Soo and Lady Yu Hwa, but raised as the son of Geum Wa; he yearns to meet his father and build a kingdom.",Master P,"Action, Drama, History",3900,2019,https://www.mediafire.com/file/j7ut53srlehmwq1/Jumong_18.mp4/file,,,,0,0,FALSE,TRUE,admin@fiestaflix.com
Jumong Ep 19,"Ju Mong is conceived by Hae Mo Soo and Lady Yu Hwa, but raised as the son of Geum Wa; he yearns to meet his father and build a kingdom.",Master P,"Action, Drama, History",3900,2019,https://www.mediafire.com/file/x64zdjs7gqr15j9/Jumong_19.mp4/file,,,,0,0,FALSE,TRUE,admin@fiestaflix.com
Jumong Ep 20,"Ju Mong is conceived by Hae Mo Soo and Lady Yu Hwa, but raised as the son of Geum Wa; he yearns to meet his father and build a kingdom.",Master P,"Action, Drama, History",3900,2019,https://www.mediafire.com/file/7oj96ce2cmh4sd8/Jumong_20.mp4/file,,,,0,0,FALSE,TRUE,admin@fiestaflix.com
Jumong Ep 21,"Ju Mong is conceived by Hae Mo Soo and Lady Yu Hwa, but raised as the son of Geum Wa; he yearns to meet his father and build a kingdom.",Master P,"Action, Drama, History",3900,2019,https://hgcloud.to/rwubiizysa2f,,,,0,0,FALSE,TRUE,admin@fiestaflix.com
Jumong Ep 23,"Ju Mong is conceived by Hae Mo Soo and Lady Yu Hwa, but raised as the son of Geum Wa; he yearns to meet his father and build a kingdom.",Master P,"Action, Drama, History",3900,2019,https://www.mediafire.com/file/ua8w6zwxm3r61qx/Jumong_Ep23.mp4/file,,,,0,0,FALSE,TRUE,admin@fiestaflix.com
Jumong Ep 24,"Ju Mong is conceived by Hae Mo Soo and Lady Yu Hwa, but raised as the son of Geum Wa; he yearns to meet his father and build a kingdom.",Master P,"Action, Drama, History",3900,2019,https://www.mediafire.com/file/rmin92ybr625q7k/Jumong_24.mp4/file,,,,0,0,FALSE,TRUE,admin@fiestaflix.com
Jumong Ep 25,"Ju Mong is conceived by Hae Mo Soo and Lady Yu Hwa, but raised as the son of Geum Wa; he yearns to meet his father and build a kingdom.",Master P,"Action, Drama, History",3900,2019,https://www.mediafire.com/file/997rtuboy7pjonk/Jumong_25_Hd.mp4/file,,,,0,0,FALSE,TRUE,admin@fiestaflix.com
Jumong Ep 26,"Ju Mong is conceived by Hae Mo Soo and Lady Yu Hwa, but raised as the son of Geum Wa; he yearns to meet his father and build a kingdom.",Master P,"Action, Drama, History",3900,2019,https://www.mediafire.com/file/z8gg8cdf9iopzzd/Jumong_Ep26.mp4/file,,,,0,0,FALSE,TRUE,admin@fiestaflix.com
Jumong Ep 27,"Ju Mong is conceived by Hae Mo Soo and Lady Yu Hwa, but raised as the son of Geum Wa; he yearns to meet his father and build a kingdom.",Master P,"Action, Drama, History",3900,2019,https://www.mediafire.com/file/evouyfmzmyd3slt/Jumong_Ep27.mp4/file,,,,0,0,FALSE,TRUE,admin@fiestaflix.com
Jumong Ep 28,"Ju Mong is conceived by Hae Mo Soo and Lady Yu Hwa, but raised as the son of Geum Wa; he yearns to meet his father and build a kingdom.",Master P,"Action, Drama, History",3900,2019,https://www.mediafire.com/file/266o9sujp3xivb5/Jumong_Ep28.mp4/file,,,,0,0,FALSE,TRUE,admin@fiestaflix.com
Jumong Ep 29,"Ju Mong is conceived by Hae Mo Soo and Lady Yu Hwa, but raised as the son of Geum Wa; he yearns to meet his father and build a kingdom.",Master P,"Action, Drama, History",3900,2019,https://www.mediafire.com/file/lrqomizh9e8ny7q/Jumong_Ep29.mp4/file,,,,0,0,FALSE,TRUE,admin@fiestaflix.com
Jumong Ep 31,"Ju Mong is conceived by Hae Mo Soo and Lady Yu Hwa, but raised as the son of Geum Wa; he yearns to meet his father and build a kingdom.",Master P,"Action, Drama, History",3900,2019,https://www.mediafire.com/file/v3anhozywl8zl4u/Jumong_31.mp4/file,,,,0,0,FALSE,TRUE,admin@fiestaflix.com
Jumong Ep 32,"Ju Mong is conceived by Hae Mo Soo and Lady Yu Hwa, but raised as the son of Geum Wa; he yearns to meet his father and build a kingdom.",Master P,"Action, Drama, History",3900,2019,https://www.mediafire.com/file/wxu710hlweqtefl/Jumong_32.mp4/file,,,,0,0,FALSE,TRUE,admin@fiestaflix.com
Jumong Ep 33,"Ju Mong is conceived by Hae Mo Soo and Lady Yu Hwa, but raised as the son of Geum Wa; he yearns to meet his father and build a kingdom.",Master P,"Action, Drama, History",3900,2019,https://www.mediafire.com/file/egkjur0f5myh290/Jumong_33.mp4/file,,,,0,0,FALSE,TRUE,admin@fiestaflix.com
Jumong Ep 34,"Ju Mong is conceived by Hae Mo Soo and Lady Yu Hwa, but raised as the son of Geum Wa; he yearns to meet his father and build a kingdom.",Master P,"Action, Drama, History",3900,2019,https://www.mediafire.com/file/6mibsv5egky6ux6/Jumong_34.mp4/file,,,,0,0,FALSE,TRUE,admin@fiestaflix.com
Jumong Ep 35,"Ju Mong is conceived by Hae Mo Soo and Lady Yu Hwa, but raised as the son of Geum Wa; he yearns to meet his father and build a kingdom.",Master P,"Action, Drama, History",3900,2019,https://www.mediafire.com/file/p1suyh93xnmsvvq/Jumong_35.mp4/file,,,,0,0,FALSE,TRUE,admin@fiestaflix.com
Jumong Ep 36,"Ju Mong is conceived by Hae Mo Soo and Lady Yu Hwa, but raised as the son of Geum Wa; he yearns to meet his father and build a kingdom.",Master P,"Action, Drama, History",3900,2019,https://www.mediafire.com/file/0b03syh34cg9c87/Jumong_36.mp4/file,,,,0,0,FALSE,TRUE,admin@fiestaflix.com
Jumong Ep 37,"Ju Mong is conceived by Hae Mo Soo and Lady Yu Hwa, but raised as the son of Geum Wa; he yearns to meet his father and build a kingdom.",Master P,"Action, Drama, History",3900,2019,https://www.mediafire.com/file/47w5w21gw21dy4l/Jumong_37.mp4/file,,,,0,0,FALSE,TRUE,admin@fiestaflix.com
Jumong Ep 38,"Ju Mong is conceived by Hae Mo Soo and Lady Yu Hwa, but raised as the son of Geum Wa; he yearns to meet his father and build a kingdom.",Master P,"Action, Drama, History",3900,2019,https://www.mediafire.com/file/xog0fkhb5ti1whg/Jumong_38.mp4/file,,,,0,0,FALSE,TRUE,admin@fiestaflix.com
Jumong Ep 39,"Ju Mong is conceived by Hae Mo Soo and Lady Yu Hwa, but raised as the son of Geum Wa; he yearns to meet his father and build a kingdom.",Master P,"Action, Drama, History",3900,2019,https://www.mediafire.com/file/pije2zrntqd538a/Jumong_39.mp4/file,,,,0,0,FALSE,TRUE,admin@fiestaflix.com
Jumong Ep 40,"Ju Mong is conceived by Hae Mo Soo and Lady Yu Hwa, but raised as the son of Geum Wa; he yearns to meet his father and build a kingdom.",Master P,"Action, Drama, History",3900,2019,https://www.mediafire.com/file/vbuqzxpqkghh1tq/Jumong_Ep40.mp4/file,,,,0,0,FALSE,TRUE,admin@fiestaflix.com
Jumong Ep 41,"Ju Mong is conceived by Hae Mo Soo and Lady Yu Hwa, but raised as the son of Geum Wa; he yearns to meet his father and build a kingdom.",Master P,"Action, Drama, History",3900,2019,https://www.mediafire.com/file/nsygtc2ap36d5s9/Jumong_41.mp4/file,,,,0,0,FALSE,TRUE,admin@fiestaflix.com
Jumong Ep 42,"Ju Mong is conceived by Hae Mo Soo and Lady Yu Hwa, but raised as the son of Geum Wa; he yearns to meet his father and build a kingdom.",Master P,"Action, Drama, History",3900,2019,https://www.mediafire.com/file/08jm53ygmbu3lz9/Jumong_42.mp4/file,,,,0,0,FALSE,TRUE,admin@fiestaflix.com
Jumong Ep 43,"Ju Mong is conceived by Hae Mo Soo and Lady Yu Hwa, but raised as the son of Geum Wa; he yearns to meet his father and build a kingdom.",Master P,"Action, Drama, History",3900,2019,https://www.mediafire.com/file/k8iea67kh3wyg9r/Jumong_43.mp4/file,,,,0,0,FALSE,TRUE,admin@fiestaflix.com
Jumong Ep 44,"Ju Mong is conceived by Hae Mo Soo and Lady Yu Hwa, but raised as the son of Geum Wa; he yearns to meet his father and build a kingdom.",Master P,"Action, Drama, History",3900,2019,https://www.mediafire.com/file/i5euo36ajkrf1ag/Jumong_44.mp4/file,,,,0,0,FALSE,TRUE,admin@fiestaflix.com
Jumong Ep 45,"Ju Mong is conceived by Hae Mo Soo and Lady Yu Hwa, but raised as the son of Geum Wa; he yearns to meet his father and build a kingdom.",Master P,"Action, Drama, History",3900,2019,https://www.mediafire.com/file/ail2a6drzyboavq/Jumong_45.mp4/file,,,,0,0,FALSE,TRUE,admin@fiestaflix.com
Jumong Ep 46,"Ju Mong is conceived by Hae Mo Soo and Lady Yu Hwa, but raised as the son of Geum Wa; he yearns to meet his father and build a kingdom.",Master P,"Action, Drama, History",3900,2019,https://www.mediafire.com/file/0tebyfso21vetjd/Jumong_46.mp4/file,,,,0,0,FALSE,TRUE,admin@fiestaflix.com
Jumong Ep 47,"Ju Mong is conceived by Hae Mo Soo and Lady Yu Hwa, but raised as the son of Geum Wa; he yearns to meet his father and build a kingdom.",Master P,"Action, Drama, History",3900,2019,https://www.mediafire.com/file/x74n4iswhptebe7/Jumong_47.mp4/file,,,,0,0,FALSE,TRUE,admin@fiestaflix.com
Jumong Ep 48,"Ju Mong is conceived by Hae Mo Soo and Lady Yu Hwa, but raised as the son of Geum Wa; he yearns to meet his father and build a kingdom.",Master P,"Action, Drama, History",3900,2019,https://www.mediafire.com/file/y7kpt2wmc0nw4kf/Jumong_48.mp4/file,,,,0,0,FALSE,TRUE,admin@fiestaflix.com
Jumong Ep 49,"Ju Mong is conceived by Hae Mo Soo and Lady Yu Hwa, but raised as the son of Geum Wa; he yearns to meet his father and build a kingdom.",Master P,"Action, Drama, History",3900,2019,https://www.mediafire.com/file/ku4t9uuvpiuo97o/Jumong_Ep49.mp4/file,,,,0,0,FALSE,TRUE,admin@fiestaflix.com
Jumong Ep 50,"Ju Mong is conceived by Hae Mo Soo and Lady Yu Hwa, but raised as the son of Geum Wa; he yearns to meet his father and build a kingdom.",Master P,"Action, Drama, History",3900,2019,https://www.mediafire.com/file/3bj07vdqwq81f81/Jumong_Ep50.mp4/file,,,,0,0,FALSE,TRUE,admin@fiestaflix.com
Jumong Ep 51,"Ju Mong is conceived by Hae Mo Soo and Lady Yu Hwa, but raised as the son of Geum Wa; he yearns to meet his father and build a kingdom.",Master P,"Action, Drama, History",3900,2019,https://www.mediafire.com/file/z4g9dp56tssnzax/Jumong_51.mp4/file,,,,0,0,FALSE,TRUE,admin@fiestaflix.com
Jumong Ep 52,"Ju Mong is conceived by Hae Mo Soo and Lady Yu Hwa, but raised as the son of Geum Wa; he yearns to meet his father and build a kingdom.",Master P,"Action, Drama, History",3900,2019,https://www.mediafire.com/file/yj393386ugb173r/Jumong_52.mp4/file,,,,0,0,FALSE,TRUE,admin@fiestaflix.com
Jumong Ep 53,"Ju Mong is conceived by Hae Mo Soo and Lady Yu Hwa, but raised as the son of Geum Wa; he yearns to meet his father and build a kingdom.",Master P,"Action, Drama, History",3900,2019,https://www.mediafire.com/file/tc8ps8y286e50js/Jumong_53.mp4/file,,,,0,0,FALSE,TRUE,admin@fiestaflix.com
Jumong Ep 54,"Ju Mong is conceived by Hae Mo Soo and Lady Yu Hwa, but raised as the son of Geum Wa; he yearns to meet his father and build a kingdom.",Master P,"Action, Drama, History",3900,2019,https://www.mediafire.com/file/tc8ps8y286e50js/Jumong_54.mp4/file,,,,0,0,FALSE,TRUE,admin@fiestaflix.com
Jumong Ep 55,"Ju Mong is conceived by Hae Mo Soo and Lady Yu Hwa, but raised as the son of Geum Wa; he yearns to meet his father and build a kingdom.",Master P,"Action, Drama, History",3900,2019,https://www.mediafire.com/file/1obd9vl67eatb02/Jumong_55.mp4/file,,,,0,0,FALSE,TRUE,admin@fiestaflix.com
Jumong Ep 56,"Ju Mong is conceived by Hae Mo Soo and Lady Yu Hwa, but raised as the son of Geum Wa; he yearns to meet his father and build a kingdom.",Master P,"Action, Drama, History",3900,2019,https://www.mediafire.com/file/8cij88am9rgwoar/Jumong_56.mp4/file,,,,0,0,FALSE,TRUE,admin@fiestaflix.com
Jumong Ep 57,"Ju Mong is conceived by Hae Mo Soo and Lady Yu Hwa, but raised as the son of Geum Wa; he yearns to meet his father and build a kingdom.",Master P,"Action, Drama, History",3900,2019,https://www.mediafire.com/file/fqqt8gozdlo7hyq/Jumong_57.mp4/file,,,,0,0,FALSE,TRUE,admin@fiestaflix.com
Jumong Ep 58,"Ju Mong is conceived by Hae Mo Soo and Lady Yu Hwa, but raised as the son of Geum Wa; he yearns to meet his father and build a kingdom.",Master P,"Action, Drama, History",3900,2019,https://www.mediafire.com/file/t2q87i5hu937y2h/Jumong_58.mp4/file,,,,0,0,FALSE,TRUE,admin@fiestaflix.com
Jumong Ep 59,"Ju Mong is conceived by Hae Mo Soo and Lady Yu Hwa, but raised as the son of Geum Wa; he yearns to meet his father and build a kingdom.",Master P,"Action, Drama, History",3900,2019,https://www.mediafire.com/file/g98ykm3q5aa37wx/Jumong_59.mp4/file,,,,0,0,FALSE,TRUE,admin@fiestaflix.com
Jumong Ep 60,"Ju Mong is conceived by Hae Mo Soo and Lady Yu Hwa, but raised as the son of Geum Wa; he yearns to meet his father and build a kingdom.",Master P,"Action, Drama, History",3900,2019,https://www.mediafire.com/file/0t3a8qieruokt3r/Jumong_60.mp4/file,,,,0,0,FALSE,TRUE,admin@fiestaflix.com
Jumong Ep 61,"Ju Mong is conceived by Hae Mo Soo and Lady Yu Hwa, but raised as the son of Geum Wa; he yearns to meet his father and build a kingdom.",Master P,"Action, Drama, History",3900,2019,https://www.mediafire.com/file/0ahkdekr6l89vsl/Jumong_61.mp4/file,,,,0,0,FALSE,TRUE,admin@fiestaflix.com
Jumong Ep 62,"Ju Mong is conceived by Hae Mo Soo and Lady Yu Hwa, but raised as the son of Geum Wa; he yearns to meet his father and build a kingdom.",Master P,"Action, Drama, History",3900,2019,https://www.mediafire.com/file/okt7g4v5delm9gr/Jumong_62.mp4/file,,,,0,0,FALSE,TRUE,admin@fiestaflix.com
Jumong Ep 63,"Ju Mong is conceived by Hae Mo Soo and Lady Yu Hwa, but raised as the son of Geum Wa; he yearns to meet his father and build a kingdom.",Master P,"Action, Drama, History",3900,2019,https://www.mediafire.com/file/u7xmjxf28aauys6/Jumong_63.mp4/file,,,,0,0,FALSE,TRUE,admin@fiestaflix.com
Jumong Ep 64,"Ju Mong is conceived by Hae Mo Soo and Lady Yu Hwa, but raised as the son of Geum Wa; he yearns to meet his father and build a kingdom.",Master P,"Action, Drama, History",3900,2019,https://www.mediafire.com/file/2wo1vlatfga82cw/Jumong_64.mp4/file,,,,0,0,FALSE,TRUE,admin@fiestaflix.com
Jumong Ep 65,"Ju Mong is conceived by Hae Mo Soo and Lady Yu Hwa, but raised as the son of Geum Wa; he yearns to meet his father and build a kingdom.",Master P,"Action, Drama, History",3900,2019,https://www.mediafire.com/file/kx8nqihup0oiw4p/Jumong_65.mp4/file,,,,0,0,FALSE,TRUE,admin@fiestaflix.com
Jumong Ep 66,"Ju Mong is conceived by Hae Mo Soo and Lady Yu Hwa, but raised as the son of Geum Wa; he yearns to meet his father and build a kingdom.",Master P,"Action, Drama, History",3900,2019,https://www.mediafire.com/file/bynws7wxh338kib/Jumong_66.mp4/file,,,,0,0,FALSE,TRUE,admin@fiestaflix.com
Jumong Ep 67,"Ju Mong is conceived by Hae Mo Soo and Lady Yu Hwa, but raised as the son of Geum Wa; he yearns to meet his father and build a kingdom.",Master P,"Action, Drama, History",3900,2019,https://www.mediafire.com/file/4x7z3pc5jvdv7ep/Jumong_67.mp4/file,,,,0,0,FALSE,TRUE,admin@fiestaflix.com
Jumong Ep 68,"Ju Mong is conceived by Hae Mo Soo and Lady Yu Hwa, but raised as the son of Geum Wa; he yearns to meet his father and build a kingdom.",Master P,"Action, Drama, History",3900,2019,https://www.mediafire.com/file/v4olb73qcdychqm/Jumong_68.mp4/file,,,,0,0,FALSE,TRUE,admin@fiestaflix.com
Jumong Ep 69,"Ju Mong is conceived by Hae Mo Soo and Lady Yu Hwa, but raised as the son of Geum Wa; he yearns to meet his father and build a kingdom.",Master P,"Action, Drama, History",3900,2019,https://www.mediafire.com/file/epdacavyge2cu1k/Jumong_69.mp4/file,,,,0,0,FALSE,TRUE,admin@fiestaflix.com
Jumong Ep 70,"Ju Mong is conceived by Hae Mo Soo and Lady Yu Hwa, but raised as the son of Geum Wa; he yearns to meet his father and build a kingdom.",Master P,"Action, Drama, History",3900,2019,https://www.mediafire.com/file/cdp7gux1wnqmzrr/Jumong_70.mp4/file,,,,0,0,FALSE,TRUE,admin@fiestaflix.com
Jumong Ep 71,"Ju Mong is conceived by Hae Mo Soo and Lady Yu Hwa, but raised as the son of Geum Wa; he yearns to meet his father and build a kingdom.",Master P,"Action, Drama, History",3900,2019,https://www.mediafire.com/file/iq4k5j4vzpuw3zr/Jumong_71.mp4/file,,,,0,0,FALSE,TRUE,admin@fiestaflix.com
Jumong Ep 72,"Ju Mong is conceived by Hae Mo Soo and Lady Yu Hwa, but raised as the son of Geum Wa; he yearns to meet his father and build a kingdom.",Master P,"Action, Drama, History",3900,2019,https://www.mediafire.com/file/lnmh9rusr7halmg/Jumong_72.mp4/file,,,,0,0,FALSE,TRUE,admin@fiestaflix.com
Jumong Ep 73,"Ju Mong is conceived by Hae Mo Soo and Lady Yu Hwa, but raised as the son of Geum Wa; he yearns to meet his father and build a kingdom.",Master P,"Action, Drama, History",3900,2019,https://www.mediafire.com/file/2r65nylfkdnravd/Jumong_73.mp4/file,,,,0,0,FALSE,TRUE,admin@fiestaflix.com
Jumong Ep 74,"Ju Mong is conceived by Hae Mo Soo and Lady Yu Hwa, but raised as the son of Geum Wa; he yearns to meet his father and build a kingdom.",Master P,"Action, Drama, History",3900,2019,https://www.mediafire.com/file/5cte56xafet6mmu/Jumong_74.mp4/file,,,,0,0,FALSE,TRUE,admin@fiestaflix.com
Jumong Ep 75,"Ju Mong is conceived by Hae Mo Soo and Lady Yu Hwa, but raised as the son of Geum Wa; he yearns to meet his father and build a kingdom.",Master P,"Action, Drama, History",3900,2019,https://www.mediafire.com/file/6xqf7yiclio50rk/Jumong_75.mp4/file,,,,0,0,FALSE,TRUE,admin@fiestaflix.com
Jumong Ep 76,"Ju Mong is conceived by Hae Mo Soo and Lady Yu Hwa, but raised as the son of Geum Wa; he yearns to meet his father and build a kingdom.",Master P,"Action, Drama, History",3900,2019,https://www.mediafire.com/file/7rng33av74osdk3/Jumong_76.mp4/file,,,,0,0,FALSE,TRUE,admin@fiestaflix.com
Jumong Ep 77,"Ju Mong is conceived by Hae Mo Soo and Lady Yu Hwa, but raised as the son of Geum Wa; he yearns to meet his father and build a kingdom.",Master P,"Action, Drama, History",3900,2019,https://www.mediafire.com/file/l815d37yontmed0/Jumong_77.mp4/file,,,,0,0,FALSE,TRUE,admin@fiestaflix.com
Jumong Ep 78,"Ju Mong is conceived by Hae Mo Soo and Lady Yu Hwa, but raised as the son of Geum Wa; he yearns to meet his father and build a kingdom.",Master P,"Action, Drama, History",3900,2019,https://www.mediafire.com/file/6xoky2w538gav5m/Jumong_78.mp4/file,,,,0,0,FALSE,TRUE,admin@fiestaflix.com
Jumong Ep 79,"Ju Mong is conceived by Hae Mo Soo and Lady Yu Hwa, but raised as the son of Geum Wa; he yearns to meet his father and build a kingdom.",Master P,"Action, Drama, History",3900,2019,https://www.mediafire.com/file/d1g7pluuskcwq1h/Jumong_79.mp4/file,,,,0,0,FALSE,TRUE,admin@fiestaflix.com
Jumong Ep 80,"Ju Mong is conceived by Hae Mo Soo and Lady Yu Hwa, but raised as the son of Geum Wa; he yearns to meet his father and build a kingdom.",Master P,"Action, Drama, History",3900,2019,https://www.mediafire.com/file/w4gj4oe1vblt5go/Jumong_80.mp4/file,,,,0,0,FALSE,TRUE,admin@fiestaflix.com
Jumong Ep 81 Final,"Ju Mong is conceived by Hae Mo Soo and Lady Yu Hwa, but raised as the son of Geum Wa; he yearns to meet his father and build a kingdom.",Master P,"Action, Drama, History",3900,2019,https://www.mediafire.com/file/s7b6dqyd33w7a2x/Jumong_81_Final.mp4/file,,,,0,0,FALSE,TRUE,admin@fiestaflix.com
Vis a Vis S01 Ep 01,"Macarena's life goes for a toss when she is convicted to prison. Fragile and innocent, she struggles to survive among hostile inmates.",Rocky Kimomo,"Drama, Thriller",3000,2022,https://www.mediafire.com/file/qjqkxfxpn315gns/Vis_a_vis_S1E1_Hd.mp4/file,,,,0,0,FALSE,TRUE,admin@fiestaflix.com
Vis a Vis S01 Ep 02,"Macarena's life goes for a toss when she is convicted to prison. Fragile and innocent, she struggles to survive among hostile inmates.",Rocky Kimomo,"Drama, Thriller",3000,2022,https://www.mediafire.com/file/9ikhf6d154jz602/Vis_a_vis_S1E2.mp4/file,,,,0,0,FALSE,TRUE,admin@fiestaflix.com
Vis a Vis S01 Ep 03,"Macarena's life goes for a toss when she is convicted to prison. Fragile and innocent, she struggles to survive among hostile inmates.",Rocky Kimomo,"Drama, Thriller",3000,2022,https://www.mediafire.com/file/1yy8gg5noxaxhw9/Vis_a_vis_S1E3_Hd.mp4/file,,,,0,0,FALSE,TRUE,admin@fiestaflix.com
Vis a Vis S01 Ep 04,"Macarena's life goes for a toss when she is convicted to prison. Fragile and innocent, she struggles to survive among hostile inmates.",Rocky Kimomo,"Drama, Thriller",3000,2022,https://www.mediafire.com/file/zrwoxjv3wveca9e/Vis_a_vis-S1E4_Hd.mp4/file,,,,0,0,FALSE,TRUE,admin@fiestaflix.com
Vis a Vis S01 Ep 05,"Macarena's life goes for a toss when she is convicted to prison. Fragile and innocent, she struggles to survive among hostile inmates.",Rocky Kimomo,"Drama, Thriller",3000,2022,https://www.mediafire.com/file/h92ksdfff82hvce/Vis_a_vis-S1E5_Hd.mp4/file,,,,0,0,FALSE,TRUE,admin@fiestaflix.com
Vis a Vis S01 Ep 06,"Macarena's life goes for a toss when she is convicted to prison. Fragile and innocent, she struggles to survive among hostile inmates.",Rocky Kimomo,"Drama, Thriller",3000,2022,https://www.mediafire.com/file/7z5w9ndlrkngopb/Vis_a_vis_S1E6_Hd.mp4/file,,,,0,0,FALSE,TRUE,admin@fiestaflix.com
Vis a Vis S01 Ep 07,"Macarena's life goes for a toss when she is convicted to prison. Fragile and innocent, she struggles to survive among hostile inmates.",Rocky Kimomo,"Drama, Thriller",3000,2022,https://www.mediafire.com/file/tfv8k9d0dj4lo5j/Vis_a_vis_S1E7_Hd.mp4/file,,,,0,0,FALSE,TRUE,admin@fiestaflix.com
Vis a Vis S01 Ep 08,"Macarena's life goes for a toss when she is convicted to prison. Fragile and innocent, she struggles to survive among hostile inmates.",Rocky Kimomo,"Drama, Thriller",3000,2022,https://www.mediafire.com/file/gwluxr4gzfms0pj/Vis_a_vis_S1E8_Hd.mp4/file,,,,0,0,FALSE,TRUE,admin@fiestaflix.com
Vis a Vis S01 Ep 09,"Macarena's life goes for a toss when she is convicted to prison. Fragile and innocent, she struggles to survive among hostile inmates.",Rocky Kimomo,"Drama, Thriller",3000,2022,https://www.mediafire.com/file/m4qjfozpcsjby4p/Vis_a_vis_S1E9_Hd.mp4/file,,,,0,0,FALSE,TRUE,admin@fiestaflix.com
Vis a Vis S01 Ep 10,"Macarena's life goes for a toss when she is convicted to prison. Fragile and innocent, she struggles to survive among hostile inmates.",Rocky Kimomo,"Drama, Thriller",3000,2022,https://www.mediafire.com/file/bqmfyql6d26c01u/Vis_a_vis-S1E10_Hd.mp4/file,,,,0,0,FALSE,TRUE,admin@fiestaflix.com
Vis a Vis S01 Ep 11,"Macarena's life goes for a toss when she is convicted to prison. Fragile and innocent, she struggles to survive among hostile inmates.",Rocky Kimomo,"Drama, Thriller",3000,2022,https://www.mediafire.com/file/nqr2045lmaoacwf/Vis_a_vis-S1E11_Hd_N.mp4/file,,,,0,0,FALSE,TRUE,admin@fiestaflix.com
Vis a Vis S01 Ep 12,"Macarena's life goes for a toss when she is convicted to prison. Fragile and innocent, she struggles to survive among hostile inmates.",Rocky Kimomo,"Drama, Thriller",3000,2022,https://www.mediafire.com/file/619y4ph5mz66oy4/Vis_A_Vis_E12_Hd.mp4/file,,,,0,0,FALSE,TRUE,admin@fiestaflix.com
Vis a Vis S01 Ep 13,"Macarena's life goes for a toss when she is convicted to prison. Fragile and innocent, she struggles to survive among hostile inmates.",Rocky Kimomo,"Drama, Thriller",3000,2022,https://www.mediafire.com/file/42bdbludk84s8j6/Vis_A_Vis_E13_Hd.mp4/file,,,,0,0,FALSE,TRUE,admin@fiestaflix.com
Vis a Vis S01 Ep 14,"Macarena's life goes for a toss when she is convicted to prison. Fragile and innocent, she struggles to survive among hostile inmates.",Rocky Kimomo,"Drama, Thriller",3000,2022,https://www.mediafire.com/file/f5zrpw28omc3bdz/Vis_A_Vas_E14_Hd.mp4/file,,,,0,0,FALSE,TRUE,admin@fiestaflix.com
Vis a Vis S01 Ep 15,"Macarena's life goes for a toss when she is convicted to prison. Fragile and innocent, she struggles to survive among hostile inmates.",Rocky Kimomo,"Drama, Thriller",3000,2022,https://www.mediafire.com/file/8mrbck09jhg9hrm/Vis_A_Vis_E15_Hd.mp4/file,,,,0,0,FALSE,TRUE,admin@fiestaflix.com
Vis a Vis S01 Ep 16 Final,"Macarena's life goes for a toss when she is convicted to prison. Fragile and innocent, she struggles to survive among hostile inmates.",Rocky Kimomo,"Drama, Thriller",3000,2022,https://www.mediafire.com/file/jfnhyatyonvvaa1/Vis_A_Vis_E16_Final_Hd.mp4/file,,,,0,0,FALSE,TRUE,admin@fiestaflix.com
Vis a Vis S02 Ep 01,"Macarena's life goes for a toss when she is convicted to prison. Fragile and innocent, she struggles to survive among hostile inmates.",Rocky Kimomo,"Drama, Thriller",3000,2022,https://www.mediafire.com/file/cewu0hyy6mijeyx/Vis_a_vis-S2E1_Hd.mp4/file,,,,0,0,FALSE,TRUE,admin@fiestaflix.com
Vis a Vis S02 Ep 02,"Macarena's life goes for a toss when she is convicted to prison. Fragile and innocent, she struggles to survive among hostile inmates.",Rocky Kimomo,"Drama, Thriller",3000,2022,https://www.mediafire.com/file/liqwxfgzn9igha3/Vis_a_vis-S2E2_Hd.mp4/file,,,,0,0,FALSE,TRUE,admin@fiestaflix.com
Vis a Vis S02 Ep 03,"Macarena's life goes for a toss when she is convicted to prison. Fragile and innocent, she struggles to survive among hostile inmates.",Rocky Kimomo,"Drama, Thriller",3000,2022,https://www.mediafire.com/file/s0almfzq85zz4oi/Vis_a_vis-S2E3_Hd.mp4/file,,,,0,0,FALSE,TRUE,admin@fiestaflix.com
Vis a Vis S02 Ep 04,"Macarena's life goes for a toss when she is convicted to prison. Fragile and innocent, she struggles to survive among hostile inmates.",Rocky Kimomo,"Drama, Thriller",3000,2022,https://www.mediafire.com/file/rchq8m6icma87if/Vis_A_Vis_S02_E_4_Hd.mp4/file,,,,0,0,FALSE,TRUE,admin@fiestaflix.com
Vis a Vis S02 Ep 05,"Macarena's life goes for a toss when she is convicted to prison. Fragile and innocent, she struggles to survive among hostile inmates.",Rocky Kimomo,"Drama, Thriller",3000,2022,https://www.mediafire.com/file/b0h8vyajjm0rk3x/Vis_A_Vis_S02_E_5_Hd.mp4/file,,,,0,0,FALSE,TRUE,admin@fiestaflix.com
Vis a Vis S02 Ep 06,"Macarena's life goes for a toss when she is convicted to prison. Fragile and innocent, she struggles to survive among hostile inmates.",Rocky Kimomo,"Drama, Thriller",3000,2022,https://www.mediafire.com/file/00w66jq8yd43slr/Vis_A_Vis_S02_E_6_Hd.mp4/file,,,,0,0,FALSE,TRUE,admin@fiestaflix.com
Vis a Vis S02 Ep 07 - Part A,"Macarena's life goes for a toss when she is convicted to prison. Fragile and innocent, she struggles to survive among hostile inmates.",Rocky Kimomo,"Drama, Thriller",3000,2022,https://www.mediafire.com/file/oah0xbbrof4tcy7/Vis_A_Vis_S02_E_7_A_Hd.mp4/file,,,,0,0,FALSE,TRUE,admin@fiestaflix.com
Vis a Vis S02 Ep 07 - Part B,"Macarena's life goes for a toss when she is convicted to prison. Fragile and innocent, she struggles to survive among hostile inmates.",Rocky Kimomo,"Drama, Thriller",3000,2022,https://www.mediafire.com/file/gjtpfimbcxyw6md/Vis_A_Vis_S02_E_7_B_Hd.mp4/file,,,,0,0,FALSE,TRUE,admin@fiestaflix.com
Vis a Vis S02 Ep 08,"Macarena's life goes for a toss when she is convicted to prison. Fragile and innocent, she struggles to survive among hostile inmates.",Rocky Kimomo,"Drama, Thriller",3000,2022,https://www.mediafire.com/file/fh39d1698gjw5ag/Vis_A_Vis_S02_E8_Hd.mp4/file,,,,0,0,FALSE,TRUE,admin@fiestaflix.com
Vis a Vis S02 Ep 09,"Macarena's life goes for a toss when she is convicted to prison. Fragile and innocent, she struggles to survive among hostile inmates.",Rocky Kimomo,"Drama, Thriller",3000,2022,https://www.mediafire.com/file/m31yq6vt6sjpoag/Vis_A_Vis_S02_E9_Hd.mp4/file,,,,0,0,FALSE,TRUE,admin@fiestaflix.com
Vis a Vis S02 Ep 10,"Macarena's life goes for a toss when she is convicted to prison. Fragile and innocent, she struggles to survive among hostile inmates.",Rocky Kimomo,"Drama, Thriller",3000,2022,https://www.mediafire.com/file/myvfbjap2yqey15/Vis_A_Vis_S02_E10_Hd.mp4/file,,,,0,0,FALSE,TRUE,admin@fiestaflix.com
Vis a Vis S02 Ep 11,"Macarena's life goes for a toss when she is convicted to prison. Fragile and innocent, she struggles to survive among hostile inmates.",Rocky Kimomo,"Drama, Thriller",3000,2022,https://www.mediafire.com/file/112mxjrb8ztdzrd/Vis_A_Vis_S02_E11_Hd.mp4/file,,,,0,0,FALSE,TRUE,admin@fiestaflix.com
Vis a Vis S02 Ep 12 - Part A,"Macarena's life goes for a toss when she is convicted to prison. Fragile and innocent, she struggles to survive among hostile inmates.",Rocky Kimomo,"Drama, Thriller",3000,2022,https://www.mediafire.com/file/j2vz8bmsuk2mdrp/Vis_A_Vis_S02_E12_A_Hde.mp4/file,,,,0,0,FALSE,TRUE,admin@fiestaflix.com
Vis a Vis S02 Ep 12 - Part B,"Macarena's life goes for a toss when she is convicted to prison. Fragile and innocent, she struggles to survive among hostile inmates.",Rocky Kimomo,"Drama, Thriller",3000,2022,https://www.mediafire.com/file/ebt69yzys42rxc1/Vis_A_Vis_S02_E12_B_Hd.mp4/file,,,,0,0,FALSE,TRUE,admin@fiestaflix.com
Vis a Vis S02 Ep 13,"Macarena's life goes for a toss when she is convicted to prison. Fragile and innocent, she struggles to survive among hostile inmates.",Rocky Kimomo,"Drama, Thriller",3000,2022,https://www.mediafire.com/file/k7h9tpeoty2wn8f/Vis_A_Vis_S02_E13_Hd.mp4/file,,,,0,0,FALSE,TRUE,admin@fiestaflix.com
Vis a Vis S03 Ep 01,"Macarena's life goes for a toss when she is convicted to prison. Fragile and innocent, she struggles to survive among hostile inmates.",Rocky Kimomo,"Drama, Thriller",3000,2022,https://www.mediafire.com/file/sni1maqv7y65zmp/Vis_A_Vis_S03_E01_Hd.mp4/file,,,,0,0,FALSE,TRUE,admin@fiestaflix.com
Vis a Vis S03 Ep 02,"Macarena's life goes for a toss when she is convicted to prison. Fragile and innocent, she struggles to survive among hostile inmates.",Rocky Kimomo,"Drama, Thriller",3000,2022,https://www.mediafire.com/file/b3es1ftv040ipz9/Vis_A_Vis_S03_E02_Hd.mp4/file,,,,0,0,FALSE,TRUE,admin@fiestaflix.com
Vis a Vis S03 Ep 04,"Macarena's life goes for a toss when she is convicted to prison. Fragile and innocent, she struggles to survive among hostile inmates.",Rocky Kimomo,"Drama, Thriller",3000,2022,https://www.mediafire.com/file/he9gqo2gi6fprxm/Vis_A_Vis_S03_E04_Hd.mp4/file,,,,0,0,FALSE,TRUE,admin@fiestaflix.com
Vis a Vis S03 Ep 05,"Macarena's life goes for a toss when she is convicted to prison. Fragile and innocent, she struggles to survive among hostile inmates.",Rocky Kimomo,"Drama, Thriller",3000,2022,https://www.mediafire.com/file/vseonvv6fh7mbqn/Vis_A_Vis_S03_E05_Hd.mp4/file,,,,0,0,FALSE,TRUE,admin@fiestaflix.com
Vis a Vis S03 Ep 06,"Macarena's life goes for a toss when she is convicted to prison. Fragile and innocent, she struggles to survive among hostile inmates.",Rocky Kimomo,"Drama, Thriller",3000,2022,https://www.mediafire.com/file/iiuo63k9eaqoi5g/Vis_A_Vis_S03_E06_Hd.mp4/file,,,,0,0,FALSE,TRUE,admin@fiestaflix.com
Vis a Vis S03 Ep 07,"Macarena's life goes for a toss when she is convicted to prison. Fragile and innocent, she struggles to survive among hostile inmates.",Rocky Kimomo,"Drama, Thriller",3000,2022,https://www.mediafire.com/file/x7onzf5giyq0n22/Vis_A_Vis_S03_E07_Hd.mp4/file,,,,0,0,FALSE,TRUE,admin@fiestaflix.com
Vis a Vis S03 Ep 08 Final,"Macarena's life goes for a toss when she is convicted to prison. Fragile and innocent, she struggles to survive among hostile inmates.",Rocky Kimomo,"Drama, Thriller",3000,2022,https://www.mediafire.com/file/49raht2lnioh5wo/Vis_A_Vis_S03_E08_Final_Hd.mp4/file,,,,0,0,FALSE,TRUE,admin@fiestaflix.com
Vis a Vis S04 Ep 01,"Macarena's life goes for a toss when she is convicted to prison. Fragile and innocent, she struggles to survive among hostile inmates.",Rocky Kimomo,"Drama, Thriller",3000,2022,https://www.mediafire.com/file/z8uglfh2qr2bfsz/Vis_A_Vis_S4e1_Hd.mp4/file,,,,0,0,FALSE,TRUE,admin@fiestaflix.com
Vis a Vis S04 Ep 02,"Macarena's life goes for a toss when she is convicted to prison. Fragile and innocent, she struggles to survive among hostile inmates.",Rocky Kimomo,"Drama, Thriller",3000,2022,https://www.mediafire.com/file/m659v5erly9g22q/Vis_A_Vis_S4e2_Hd.mp4/file,,,,0,0,FALSE,TRUE,admin@fiestaflix.com
Vis a Vis S04 Ep 03,"Macarena's life goes for a toss when she is convicted to prison. Fragile and innocent, she struggles to survive among hostile inmates.",Rocky Kimomo,"Drama, Thriller",3000,2022,https://www.mediafire.com/file/c14d98rloksavha/Vis_A_Vis_S4e3_Hd.mp4/file,,,,0,0,FALSE,TRUE,admin@fiestaflix.com
Vis a Vis S04 Ep 04,"Macarena's life goes for a toss when she is convicted to prison. Fragile and innocent, she struggles to survive among hostile inmates.",Rocky Kimomo,"Drama, Thriller",3000,2022,https://www.mediafire.com/file/mtrwsv5nazns8c2/Vis_A_Vis_S4e4_Hd.mp4/file,,,,0,0,FALSE,TRUE,admin@fiestaflix.com
Vis a Vis S04 Ep 05,"Macarena's life goes for a toss when she is convicted to prison. Fragile and innocent, she struggles to survive among hostile inmates.",Rocky Kimomo,"Drama, Thriller",3000,2022,https://www.mediafire.com/file/oc3nypjpdmtkghi/Vis_A_Vis_S4e5_Hd.mp4/file,,,,0,0,FALSE,TRUE,admin@fiestaflix.com
Vis a Vis S04 Ep 06,"Macarena's life goes for a toss when she is convicted to prison. Fragile and innocent, she struggles to survive among hostile inmates.",Rocky Kimomo,"Drama, Thriller",3000,2022,https://www.mediafire.com/file/gqteeokmxdiio53/Vis_A_Vis_S4e6_Hd.mp4/file,,,,0,0,FALSE,TRUE,admin@fiestaflix.com
Vis a Vis S04 Ep 07,"Macarena's life goes for a toss when she is convicted to prison. Fragile and innocent, she struggles to survive among hostile inmates.",Rocky Kimomo,"Drama, Thriller",3000,2022,https://www.mediafire.com/file/fn18ovsy18a3982/Vis_A_Vis_S4e7_Hd.mp4/file,,,,0,0,FALSE,TRUE,admin@fiestaflix.com
Vis a Vis S04 Ep 08 Final,"Macarena's life goes for a toss when she is convicted to prison. Fragile and innocent, she struggles to survive among hostile inmates.",Rocky Kimomo,"Drama, Thriller",3000,2022,https://www.mediafire.com/file/guknj4yw3wm4tg0/Vis_A_Vis_S4e8_Final_Hd.mp4/file,,,,0,0,FALSE,TRUE,admin@fiestaflix.com

"The End of Oak Street","After a mysterious cosmic event rips Oak Street from suburbia and transports their neighborhood into a prehistoric rainforest, the Platt family must fight prehistoric beasts to survive.","Gaheza Simba","Sci-Fi, Adventure, Horror","6600","2026","https://www.mediafire.com/file/an9kagqqh01yto8/End_Of_The_Oak_Street.mp4/file","https://image.tmdb.org/t/p/w500/mK9k2tW6D7vD9O9w500.jpg","","","0","0","FALSE","TRUE","admin@fiestaflix.com"
"Knights of the Zodiac - Part A","When a goddess of war reincarnates in the body of a young girl, street orphan Seiya discovers that he is destined to protect her and save the world.","Gaheza Simba","Action, Adventure, Fantasy","3360","2023","https://www.mediafire.com/file/qvgw90uyce03uzm/Knights_of_the_Zodiac_A.mp4/file","https://image.tmdb.org/t/p/w500/qW4crfED8mpNDadSmMdi7Spzh9X.jpg","","","0","0","FALSE","TRUE","admin@fiestaflix.com"
"Knights of the Zodiac - Part B","When a goddess of war reincarnates in the body of a young girl, street orphan Seiya discovers that he is destined to protect her and save the world.","Gaheza Simba","Action, Adventure, Fantasy","3360","2023","https://www.mediafire.com/file/2sjfobw6j2rm4ui/Knights_of_the_Zodiac_B.mp4/file","https://image.tmdb.org/t/p/w500/qW4crfED8mpNDadSmMdi7Spzh9X.jpg","","","0","0","FALSE","TRUE","admin@fiestaflix.com"
"Moana (2026)","Leaving her island for the first time, young Moana embarks on an epic seafaring adventure to restore prosperity to her people.","Gaheza Simba","Animation, Adventure, Family","6420","2026","https://www.mediafire.com/file/nz6f9kwm726alxe/MOANA_2026.mp4/file","https://image.tmdb.org/t/p/w500/4YZpsylmjHbqeWzjKpUEF8gcLUV.jpg","","","0","0","FALSE","TRUE","admin@fiestaflix.com"
"Ready or Not 2","A bride's wedding night takes a horrific turn when her eccentric in-laws force her to take part in a terrifying survival ritual.","Gaheza Simba","Comedy, Horror, Mystery","5700","2026","https://www.mediafire.com/file/bh1udp098bfeuod/READY_OR_NOT_2_.mp4/file","https://image.tmdb.org/t/p/w500/vOl6LmNu2ocZhYuIAOh93DNqh9o.jpg","","","0","0","FALSE","TRUE","admin@fiestaflix.com"
"From Paris with Love","In Paris, a young employee in the office of the US Ambassador hooks up with an unorthodox American spy looking to stop a terrorist attack.","Gaheza Simba","Action, Crime, Thriller","5520","2010","https://www.mediafire.com/file/mrcnsj8pxkqoerf/FROM_PARIS_WITH_LOVE_FULL.mp4/file","https://image.tmdb.org/t/p/w500/hP5e5d1uLgL6UeZJzIuQ0zQ1zZ1.jpg","","","0","0","FALSE","TRUE","admin@fiestaflix.com"
"In the Grey","When a ruthless despot steals a billion-dollar fortune, a team of elite covert operatives is dispatched to steal it back.","Gaheza Simba","Action, Thriller","6300","2026","https://www.mediafire.com/file/l5bfjq4r0nlpumo/IN_THE_GREY.mp4/file","https://image.tmdb.org/t/p/w500/inTheGrey2026PosterPath500.jpg","","","0","0","FALSE","TRUE","admin@fiestaflix.com"
"The Maze Runner","Thomas is deposited in a community of boys after his memory is erased, soon learning they're all trapped in a maze that will require him to join forces with fellow runners for a shot at escape.","Gaheza Simba","Action, Mystery, Sci-Fi","6780","2014","https://www.mediafire.com/file/v2ns8pxqpqslhqa/THE_MAZE_RUNNER.mp4/file","https://image.tmdb.org/t/p/w500/ode14q7WtDugFDp78fo9lCsmay9.jpg","","","0","0","FALSE","TRUE","admin@fiestaflix.com"
"xXx: Return of Xander Cage","Xander Cage is left for dead after an incident, though he secretly returns to action for a new, tough assignment with his handler Augustus Gibbons.","Gaheza Simba","Action, Adventure, Thriller","6420","2017","https://www.mediafire.com/file/txya9zvgf3yprpq/xXx_the_return_of_xander_cage.mp4/file","https://image.tmdb.org/t/p/w500/xe70rY1uomDoo475a89uwh245Z7.jpg","","","0","0","FALSE","TRUE","admin@fiestaflix.com"
"Hidden Strike","Two former special forces soldiers must escort a group of civilians along Baghdad's 'Highway of Death' to the safety of the Green Zone.","Gaheza Simba","Action, Adventure, Comedy","6180","2023","https://www.mediafire.com/file/opv4k9wjjivmv0n/Hidden_Strike_Hd.mp4/file","https://image.tmdb.org/t/p/w500/zs2ecOqYqsaViP96a7Hn0M4iP0.jpg","","","0","0","FALSE","TRUE","admin@fiestaflix.com"
"Day Shift - Part A","A hard-working, blue-collar dad just wants to provide a good life for his quick-witted 10-year-old daughter, using a pool cleaning job as a front for his real work: hunting vampires.","Gaheza Simba","Action, Comedy, Fantasy","3390","2022","https://www.mediafire.com/file/e49g5du2sbhd5v1/Day_Shift_A.mp4/file","https://image.tmdb.org/t/p/w500/9eAnMtqvzJ7YCE4eaCGfsa0E296.jpg","","","0","0","FALSE","TRUE","admin@fiestaflix.com"
"Day Shift - Part B","A hard-working, blue-collar dad just wants to provide a good life for his quick-witted 10-year-old daughter, using a pool cleaning job as a front for his real work: hunting vampires.","Gaheza Simba","Action, Comedy, Fantasy","3390","2022","https://www.mediafire.com/file/yajkdizgz2ljdtu/Day_Shift_B.mp4/file","https://image.tmdb.org/t/p/w500/9eAnMtqvzJ7YCE4eaCGfsa0E296.jpg","","","0","0","FALSE","TRUE","admin@fiestaflix.com"
"Deep Water","A well-to-do husband who allows his wife to have affairs in order to avoid a divorce becomes a prime suspect in the disappearance of her lovers.","Gaheza Simba","Drama, Mystery, Thriller","6900","2022","https://www.mediafire.com/file/pk60hbl8q6yryv5/DEEP_WATER.mp4/file","https://image.tmdb.org/t/p/w500/kb4n6Op899p8k9L80f55h11p0pL.jpg","","","0","0","FALSE","TRUE","admin@fiestaflix.com"
"Mortal Kombat 2","Earthrealm champions join forces with iconic warriors across realms to battle Shao Kahn and the forces of Outworld in the tournament.","Gaheza Simba","Action, Adventure, Fantasy","6600","2025","https://www.mediafire.com/file/tmpoxqbjvh2j1ib/MORTAL_KOMBAT_2.mp4/file","https://image.tmdb.org/t/p/w500/mortalKombat2Poster500.jpg","","","0","0","FALSE","TRUE","admin@fiestaflix.com"
"Seven Snipers","A retired elite sniper reunites with her former crew to protect her daughter from a vengeful warlord's wrath across the Australian Outback.","Gaheza Simba","Action, Thriller","5220","2026","https://www.mediafire.com/file/ia4o0n5dp743w1b/SEVEN_SNIPERS_%25281%2529.mp4/file","https://image.tmdb.org/t/p/w500/sevenSnipersPoster500.jpg","","","0","0","FALSE","TRUE","admin@fiestaflix.com"
"Apex","Six elite hunters pay to hunt a man on a deserted island, only to find themselves becoming the prey when he fights back.","Gaheza Simba","Action, Sci-Fi, Thriller","5640","2021","https://www.mediafire.com/file/99wrfog0c9n9ayz/APEX_BY_GAHEZA%252B2026%252B.mp4/file","https://image.tmdb.org/t/p/w500/apexPosterPath500.jpg","","","0","0","FALSE","TRUE","admin@fiestaflix.com"
"Beast","A father and his two teenage daughters find themselves hunted by a massive rogue lion intent on proving that the Savanna has but one apex predator.","Gaheza Simba","Action, Drama, Horror","5580","2022","https://www.mediafire.com/file/q6t54wtgsjhhdfp/Beast_2026_Hd.mp4/file","https://image.tmdb.org/t/p/w500/beastPosterPath500.jpg","","","0","0","FALSE","TRUE","admin@fiestaflix.com"
"Close","A counter-terrorism expert takes a job protecting a young heiress. After an attempted kidnapping, both are forced to go on the run.","Gaheza Simba","Action, Thriller","5640","2019","https://www.mediafire.com/file/jype48vg1819ukd/Close_Gaheza_Full.mp4/file","https://image.tmdb.org/t/p/w500/closePosterPath500.jpg","","","0","0","FALSE","TRUE","admin@fiestaflix.com"
"War Machine","A recruit in an elite special forces training unit leads a survival squad against an unexpected and heavily armed extraterrestrial machine threat.","Gaheza Simba","Action, Sci-Fi","6420","2026","https://www.mediafire.com/file/4jj0kdnd2l7zgpr/WAR_MACHINE.mp4/file","https://image.tmdb.org/t/p/w500/warMachine2026Poster500.jpg","","","0","0","FALSE","TRUE","admin@fiestaflix.com"
"Avatar: The Way of Water - Part A","Jake Sully lives with his newfound family formed on the extrasolar moon Pandora. Once a familiar threat returns to finish what was previously started, Jake must work with Neytiri and the army of the Na'vi race to protect their home.","Gaheza Simba","Action, Adventure, Fantasy","5760","2022","https://www.mediafire.com/file/6py5p5c0rrwnhqy/Avatar_2_Way_Of_Water_A.mp4/file","https://image.tmdb.org/t/p/w500/t6HIqrRAclMCA60NsSmeqe9RmNV.jpg","","","0","0","FALSE","TRUE","admin@fiestaflix.com"
"Avatar: The Way of Water - Part B","Jake Sully lives with his newfound family formed on the extrasolar moon Pandora. Once a familiar threat returns to finish what was previously started, Jake must work with Neytiri and the army of the Na'vi race to protect their home.","Gaheza Simba","Action, Adventure, Fantasy","5760","2022","https://www.mediafire.com/file/tb9l7pcatevell1/Avatar_The_Way_Of_Water_B.mp4/file","https://image.tmdb.org/t/p/w500/t6HIqrRAclMCA60NsSmeqe9RmNV.jpg","","","0","0","FALSE","TRUE","admin@fiestaflix.com"
"The Ice Road 2: Road to the Sky","Mike McCann travels to Nepal to scatter his late brother's ashes on Mt. Everest, only to find himself and his guide confronting dangerous mercenaries on a tour bus.","Gaheza Simba","Action, Adventure, Thriller","6300","2025","https://www.mediafire.com/file/a6yj80u8su20i56/ICE_ROAD_2_VEGEANCE.MP4/file","https://image.tmdb.org/t/p/w500/iceRoad2Poster500.jpg","","","0","0","FALSE","TRUE","admin@fiestaflix.com"
"The Ice Road","After a remote diamond mine collapses in far northern Canada, a 'big-rig' ice road driver must lead an impossible rescue mission over a frozen lake to save the trapped miners.","Gaheza Simba","Action, Adventure, Thriller","6540","2021","https://www.mediafire.com/file/057xnjd167sotrn/ICE_ROAD.mp4/file","https://image.tmdb.org/t/p/w500/eWW0t42FzVj67bT3eQzH0oK0k45.jpg","","","0","0","FALSE","TRUE","admin@fiestaflix.com"
"Mufasa: The Lion King","Mufasa, a cub lost and alone, meets a sympathetic lion named Taka, the heir to a royal bloodline. The chance meeting sets in motion an expansive journey of a group of misfits looking for their destiny.","Gaheza Simba","Animation, Adventure, Drama","7080","2024","https://www.mediafire.com/file/y9mx0bstc9lso8d/MUFASA_THE_LION_KING.mp4/file","https://image.tmdb.org/t/p/w500/mufasaLionKingPoster500.jpg","","","0","0","FALSE","TRUE","admin@fiestaflix.com"
"Angels Fallen: Warriors of Peace","An Iraq War veteran receives a calling from higher powers to assemble a team of supernatural warriors and save the world from an impending demonic army.","Gaheza Simba","Action, Adventure, Fantasy","5880","2024","https://www.mediafire.com/file/rfcrazct41wgdwc/Angels_Fallen_Warriors_Of_Peace.mp4/file","https://image.tmdb.org/t/p/w500/angelsFallen2Poster500.jpg","","","0","0","FALSE","TRUE","admin@fiestaflix.com"
"Ready or Not - Part A","A bride's wedding night takes a sinister turn when her eccentric, new in-laws force her to take part in a terrifying game.","Gaheza Simba","Action, Comedy, Horror","2850","2019","https://www.mediafire.com/file/bcyslnuojuqppou/READY_OR_NOT_A.mp4/file","https://image.tmdb.org/t/p/w500/vOl6LmNu2ocZhYuIAOh93DNqh9o.jpg","","","0","0","FALSE","TRUE","admin@fiestaflix.com"
"Ready or Not - Part B","A bride's wedding night takes a sinister turn when her eccentric, new in-laws force her to take part in a terrifying game.","Gaheza Simba","Action, Comedy, Horror","2850","2019","https://www.mediafire.com/file/um1277zhcpvmah1/READY_OR_NOT_B.mp4/file","https://image.tmdb.org/t/p/w500/vOl6LmNu2ocZhYuIAOh93DNqh9o.jpg","","","0","0","FALSE","TRUE","admin@fiestaflix.com"
"World War Z - Part A","Former United Nations employee Gerry Lane traverses the world in a race against time to stop a zombie pandemic that is toppling armies and governments and threatening to destroy humanity itself.","Gaheza Simba","Action, Adventure, Sci-Fi","3480","2013","https://drive.google.com/file/d/1Ao9ybl69HX_xYthWZW9bHX5EwKsunw9P/view?usp=sharing","https://image.tmdb.org/t/p/w500/1SWBflCgnNDVwLKm4fHnFj8V87F.jpg","","","0","0","FALSE","TRUE","admin@fiestaflix.com"
"World War Z - Part B","Former United Nations employee Gerry Lane traverses the world in a race against time to stop a zombie pandemic that is toppling armies and governments and threatening to destroy humanity itself.","Gaheza Simba","Action, Adventure, Sci-Fi","3480","2013","https://drive.google.com/file/d/1E3UekdWZ1DaDePtMpu4Wy0YotQEJh1RV/view?usp=sharing","https://image.tmdb.org/t/p/w500/1SWBflCgnNDVwLKm4fHnFj8V87F.jpg","","","0","0","FALSE","TRUE","admin@fiestaflix.com"
"Kal Ho Naa Ho - Part A","Naina, an introverted, depressed girl's life changes when she meets Aman. But Aman has a secret of his own which changes their lives forever. Embroiled in all this is Rohit, Naina's best friend who conceals his love for her.","Junior Giti","Comedy, Drama, Musical, Romance","5600","2003","https://www.mediafire.com/file/gk8jvf9s0s3chl5/Kal_Ho_Naa_Ho_A_Hd.mp4/file","https://image.tmdb.org/t/p/w500/yvM3M0hJ9J1aH2h182QzYxMh500.jpg","","","0","0","FALSE","TRUE","admin@fiestaflix.com"
"Kal Ho Naa Ho - Part B","Naina, an introverted, depressed girl's life changes when she meets Aman. But Aman has a secret of his own which changes their lives forever. Embroiled in all this is Rohit, Naina's best friend who conceals his love for her.","Junior Giti","Comedy, Drama, Musical, Romance","5600","2003","https://www.mediafire.com/file/13dswq5xqxv96tu/Kal_Ho_Naa_Ho_B_Hd.mp4/file","https://image.tmdb.org/t/p/w500/yvM3M0hJ9J1aH2h182QzYxMh500.jpg","","","0","0","FALSE","TRUE","admin@fiestaflix.com"
"Kuch Kuch Hota Hai - Part A","During their college years, Anjali was in love with her best-friend Rahul, but he had eyes only for Tina. Years later, Rahul's now-eight-year-old daughter attempts to reunite her father and Anjali.","Junior Giti","Comedy, Drama, Musical, Romance","5550","1998","https://www.mediafire.com/file/6wqo5yv9bwac6c5/Kuch_Kuch_Hota_Hai_A_.mp4/file","https://image.tmdb.org/t/p/w500/kkhhPosterPath500.jpg","","","0","0","FALSE","TRUE","admin@fiestaflix.com"
"Kuch Kuch Hota Hai - Part B","During their college years, Anjali was in love with her best-friend Rahul, but he had eyes only for Tina. Years later, Rahul's now-eight-year-old daughter attempts to reunite her father and Anjali.","Junior Giti","Comedy, Drama, Musical, Romance","5550","1998","https://www.mediafire.com/file/7jkgwmzmaoovsjm/Kuch_Kuch_Hota_Hai-720P.mp4/file","https://image.tmdb.org/t/p/w500/kkhhPosterPath500.jpg","","","0","0","FALSE","TRUE","admin@fiestaflix.com"
"Indemnity","An ex-firefighter in Cape Town with severe PTSD is framed for the murder of his wife and flees through the city, unraveling a high-level government conspiracy.","Junior Giti","Action, Crime, Thriller","7440","2021","https://www.mediafire.com/file/y9jhous2684hn6l/Watch_Indeminity_%25282021%2529_1.mp4/file","https://image.tmdb.org/t/p/w500/indemnity2021Poster500.jpg","","","0","0","FALSE","TRUE","admin@fiestaflix.com"
"Ip Man 4: The Finale","The Kung Fu master travels to the U.S. where his student Bruce Lee has upset the local martial arts community by opening a Wing Chun school.","Junior Giti","Action, Biography, Drama","6300","2019","https://www.mediafire.com/file/quh3siqd6vte5bx/Ip_Man_4_Hd.mp4/file","https://image.tmdb.org/t/p/w500/ipMan4Poster500.jpg","","","0","0","FALSE","TRUE","admin@fiestaflix.com"
"Ip Man 3","When a band of brutal gangsters led by a crooked property developer try to take over a local school, Master Ip is forced to take a stand.","Junior Giti","Action, Biography, Drama","6300","2015","https://www.mediafire.com/file/ya9qjuaif453gzn/Ip_Man_3_Hd.mp4/file","https://image.tmdb.org/t/p/w500/ipMan3Poster500.jpg","","","0","0","FALSE","TRUE","admin@fiestaflix.com"
"Chinese Zodiac (CZ12)","Asian Hawk leads a mercenary team to recover twelve bronze head artifacts of the Chinese zodiac animals, which were looted from the Old Summer Palace in 1860.","Junior Giti","Action, Adventure, Comedy","7380","2012","https://www.mediafire.com/file/f7xpspeao0hz4sx/Chinese_Zodiac-Hd.mp4/file","https://image.tmdb.org/t/p/w500/cz12Poster500.jpg","","","0","0","FALSE","TRUE","admin@fiestaflix.com"
"Iceman: The Time Traveler","The imperial guard and his three treacherous childhood friends ordered to hunt him down get accidentally buried and kept frozen in time for 400 years.","Junior Giti","Action, Comedy, History, Sci-Fi","5220","2018","https://www.mediafire.com/file/7tvnhmthm4bxim7/Iceman-_The_Time_Traveler_Hd.mp4/file","https://image.tmdb.org/t/p/w500/icemanTimeTravelerPoster500.jpg","","","0","0","FALSE","TRUE","admin@fiestaflix.com"
"The Witch: Part 1. The Subversion","A high school student with amnesia tries to uncover what happened to her after strange people begin appearing in her life and causing havoc.","Junior Giti","Action, Mystery, Sci-Fi, Thriller","7500","2018","https://www.mediafire.com/file/g9n9sbg5nrq5f88/The_Witch_Part_1_-_The_Subversion_Hd.mp4/file","https://image.tmdb.org/t/p/w500/theWitchPart1Poster500.jpg","","","0","0","FALSE","TRUE","admin@fiestaflix.com"
"Peter Rabbit","Feature adaptation of Beatrix Potter's classic tale of a rebellious rabbit trying to sneak into a farmer's vegetable garden.","Junior Giti","Animation, Adventure, Comedy","5700","2018","https://www.mediafire.com/file/04xw0iw481y2vwk/Peter_Rabbit_Hd.mp4/file","https://image.tmdb.org/t/p/w500/peterRabbitPoster500.jpg","","","0","0","FALSE","TRUE","admin@fiestaflix.com"
"Buffalo Boys","In 19th-century Java, two exiled brothers return from America to avenge the brutal death of their parents at the hands of a Dutch colonial tyrant.","Junior Giti","Action, Western","6120","2018","https://www.mediafire.com/file/rq2ysklb22n69ws/Buffalo_Boy_Hd.mp4/file","https://image.tmdb.org/t/p/w500/buffaloBoysPoster500.jpg","","","0","0","FALSE","TRUE","admin@fiestaflix.com"
"Bad Genius - Part A","Lynn, a genius high school student who makes money cheating on tests, receives a new task that leads her to Sydney, Australia to stage an international exam heist.","Junior Giti","Comedy, Crime, Drama, Thriller","3900","2017","https://www.mediafire.com/file/e2evg0emz8v8eev/Bad_Genius_A_Hd_Mp4.mp4/file","https://image.tmdb.org/t/p/w500/badGeniusPoster500.jpg","","","0","0","FALSE","TRUE","admin@fiestaflix.com"
"Bad Genius - Part B","Lynn, a genius high school student who makes money cheating on tests, receives a new task that leads her to Sydney, Australia to stage an international exam heist.","Junior Giti","Comedy, Crime, Drama, Thriller","3900","2017","https://www.mediafire.com/file/b7p3tt8qp45fp4s/Bad_Genius_B_Hd_Mp4.mp4/file","https://image.tmdb.org/t/p/w500/badGeniusPoster500.jpg","","","0","0","FALSE","TRUE","admin@fiestaflix.com"
"Nobody - Part A","A docile family man slowly reveals his true character after his house is burgled by two petty thieves, which, coincidentally, leads him into a bloody war with a Russian crime boss.","Junior Giti","Action, Crime, Thriller","2760","2021","https://www.mediafire.com/file/b39k7q3usf13b25/NO_BODY_A.mp4/file","https://image.tmdb.org/t/p/w500/oBgWY00bEFeZ9N25wWVyuQddbBc.jpg","","","0","0","FALSE","TRUE","admin@fiestaflix.com"
"Nobody - Part B","A docile family man slowly reveals his true character after his house is burgled by two petty thieves, which, coincidentally, leads him into a bloody war with a Russian crime boss.","Junior Giti","Action, Crime, Thriller","2760","2021","https://www.mediafire.com/file/mv14ptyqmw72vmd/NO_BODY_B.mp4/file","https://image.tmdb.org/t/p/w500/oBgWY00bEFeZ9N25wWVyuQddbBc.jpg","","","0","0","FALSE","TRUE","admin@fiestaflix.com"
"One Piece S02 Ep 1","With the Straw Hat Pirates sailing for the Grand Line, Luffy and his crew face ruthless bounty hunters, Marine forces, and treacherous seas in search of the legendary One Piece.","Gaheza Simba","Action, Adventure, Comedy","3300","2026","https://www.mediafire.com/file/k6mdjs52oblxwgn/ONE_PIECE_S2_EP1.mp4/file","https://image.tmdb.org/t/p/w500/fcXdJUSDiDiFupuDuNxBYvdEsTX.jpg","","","0","0","FALSE","TRUE","admin@fiestaflix.com"
"One Piece S02 Ep 2","With the Straw Hat Pirates sailing for the Grand Line, Luffy and his crew face ruthless bounty hunters, Marine forces, and treacherous seas in search of the legendary One Piece.","Gaheza Simba","Action, Adventure, Comedy","3300","2026","https://www.mediafire.com/file/8prfr6gn4ojah14/ONE_PIECE_S2_EP2.mp4/file","https://image.tmdb.org/t/p/w500/fcXdJUSDiDiFupuDuNxBYvdEsTX.jpg","","","0","0","FALSE","TRUE","admin@fiestaflix.com"
"One Piece S02 Ep 3","With the Straw Hat Pirates sailing for the Grand Line, Luffy and his crew face ruthless bounty hunters, Marine forces, and treacherous seas in search of the legendary One Piece.","Gaheza Simba","Action, Adventure, Comedy","3300","2026","https://www.mediafire.com/file/w9l5yhqn5h8z2ic/ONE_PIECE_S2_EP3.mp4/file","https://image.tmdb.org/t/p/w500/fcXdJUSDiDiFupuDuNxBYvdEsTX.jpg","","","0","0","FALSE","TRUE","admin@fiestaflix.com"
"One Piece S02 Ep 4","With the Straw Hat Pirates sailing for the Grand Line, Luffy and his crew face ruthless bounty hunters, Marine forces, and treacherous seas in search of the legendary One Piece.","Gaheza Simba","Action, Adventure, Comedy","3300","2026","https://www.mediafire.com/file/6aeg0egz64dtp6n/ONE_PIECE_S2_EP4.mp4/file","https://image.tmdb.org/t/p/w500/fcXdJUSDiDiFupuDuNxBYvdEsTX.jpg","","","0","0","FALSE","TRUE","admin@fiestaflix.com"
"One Piece S02 Ep 5","With the Straw Hat Pirates sailing for the Grand Line, Luffy and his crew face ruthless bounty hunters, Marine forces, and treacherous seas in search of the legendary One Piece.","Gaheza Simba","Action, Adventure, Comedy","3300","2026","https://www.mediafire.com/file/6ekmry56ymsqdpe/ONE_PIECE_SE_EP5.mp4/file","https://image.tmdb.org/t/p/w500/fcXdJUSDiDiFupuDuNxBYvdEsTX.jpg","","","0","0","FALSE","TRUE","admin@fiestaflix.com"
"One Piece S02 Ep 6","With the Straw Hat Pirates sailing for the Grand Line, Luffy and his crew face ruthless bounty hunters, Marine forces, and treacherous seas in search of the legendary One Piece.","Gaheza Simba","Action, Adventure, Comedy","3300","2026","https://www.mediafire.com/file/i4ncseevpe677w3/ONE_PIECE_SE_EP6.mp4/file","https://image.tmdb.org/t/p/w500/fcXdJUSDiDiFupuDuNxBYvdEsTX.jpg","","","0","0","FALSE","TRUE","admin@fiestaflix.com"
"One Piece S02 Ep 7","With the Straw Hat Pirates sailing for the Grand Line, Luffy and his crew face ruthless bounty hunters, Marine forces, and treacherous seas in search of the legendary One Piece.","Gaheza Simba","Action, Adventure, Comedy","3300","2026","https://www.mediafire.com/file/f53hgpsmmeuurtd/ONE_PIECE_SE_EP7.mp4/file","https://image.tmdb.org/t/p/w500/fcXdJUSDiDiFupuDuNxBYvdEsTX.jpg","","","0","0","FALSE","TRUE","admin@fiestaflix.com"
"One Piece S02 Ep 8 Final","With the Straw Hat Pirates sailing for the Grand Line, Luffy and his crew face ruthless bounty hunters, Marine forces, and treacherous seas in search of the legendary One Piece.","Gaheza Simba","Action, Adventure, Comedy","3300","2026","https://www.mediafire.com/file/b2d8draimah6ken/One_Piece_S2_Ep8_Final_.mp4/file","https://image.tmdb.org/t/p/w500/fcXdJUSDiDiFupuDuNxBYvdEsTX.jpg","","","0","0","FALSE","TRUE","admin@fiestaflix.com"
"One Piece S01 Ep 1","In a seafaring world, a young pirate captain sets out with his crew to attain the title of Pirate King, and to discover the mythical treasure known as 'One Piece'.","Gaheza Simba","Action, Adventure, Comedy","3300","2023","https://www.mediafire.com/file/tzw610h7ot2kepp/One_Piece_Ep1.mp4/file","https://image.tmdb.org/t/p/w500/fcXdJUSDiDiFupuDuNxBYvdEsTX.jpg","","","0","0","FALSE","TRUE","admin@fiestaflix.com"
"One Piece S01 Ep 2 - Part A","In a seafaring world, a young pirate captain sets out with his crew to attain the title of Pirate King, and to discover the mythical treasure known as 'One Piece'.","Gaheza Simba","Action, Adventure, Comedy","3300","2023","https://www.mediafire.com/file/0bjt2xexvzf993h/One_Piece_Ep2a.mp4/file","https://image.tmdb.org/t/p/w500/fcXdJUSDiDiFupuDuNxBYvdEsTX.jpg","","","0","0","FALSE","TRUE","admin@fiestaflix.com"
"One Piece S01 Ep 2 - Part B","In a seafaring world, a young pirate captain sets out with his crew to attain the title of Pirate King, and to discover the mythical treasure known as 'One Piece'.","Gaheza Simba","Action, Adventure, Comedy","3300","2023","https://www.mediafire.com/file/064gsb4p7082ga9/One_Piece_Ep2b.mp4/file","https://image.tmdb.org/t/p/w500/fcXdJUSDiDiFupuDuNxBYvdEsTX.jpg","","","0","0","FALSE","TRUE","admin@fiestaflix.com"
"One Piece S01 Ep 3","In a seafaring world, a young pirate captain sets out with his crew to attain the title of Pirate King, and to discover the mythical treasure known as 'One Piece'.","Gaheza Simba","Action, Adventure, Comedy","3300","2023","https://www.mediafire.com/file/d5wjgvgaklcb6x4/One_Piece_Ep3.mp4/file","https://image.tmdb.org/t/p/w500/fcXdJUSDiDiFupuDuNxBYvdEsTX.jpg","","","0","0","FALSE","TRUE","admin@fiestaflix.com"
"One Piece S01 Ep 4 - Part A","In a seafaring world, a young pirate captain sets out with his crew to attain the title of Pirate King, and to discover the mythical treasure known as 'One Piece'.","Gaheza Simba","Action, Adventure, Comedy","3300","2023","https://www.mediafire.com/file/0ijr4r1x4t5fhpu/One_Piece_Ep4a.mp4/file","https://image.tmdb.org/t/p/w500/fcXdJUSDiDiFupuDuNxBYvdEsTX.jpg","","","0","0","FALSE","TRUE","admin@fiestaflix.com"
"One Piece S01 Ep 4 - Part B","In a seafaring world, a young pirate captain sets out with his crew to attain the title of Pirate King, and to discover the mythical treasure known as 'One Piece'.","Gaheza Simba","Action, Adventure, Comedy","3300","2023","https://www.mediafire.com/file/b1zzhx5erk4wf0y/One_Piece_Ep4b.mp4/file","https://image.tmdb.org/t/p/w500/fcXdJUSDiDiFupuDuNxBYvdEsTX.jpg","","","0","0","FALSE","TRUE","admin@fiestaflix.com"
"One Piece S01 Ep 5","In a seafaring world, a young pirate captain sets out with his crew to attain the title of Pirate King, and to discover the mythical treasure known as 'One Piece'.","Gaheza Simba","Action, Adventure, Comedy","3300","2023","https://www.mediafire.com/file/u1mzas4i9fnayw7/One_Piece_Ep5.mp4/file","https://image.tmdb.org/t/p/w500/fcXdJUSDiDiFupuDuNxBYvdEsTX.jpg","","","0","0","FALSE","TRUE","admin@fiestaflix.com"
"One Piece S01 Ep 6","In a seafaring world, a young pirate captain sets out with his crew to attain the title of Pirate King, and to discover the mythical treasure known as 'One Piece'.","Gaheza Simba","Action, Adventure, Comedy","3300","2023","https://www.mediafire.com/file/emos0os0hi9t1p4/One_Piece_Ep6.mp4/file","https://image.tmdb.org/t/p/w500/fcXdJUSDiDiFupuDuNxBYvdEsTX.jpg","","","0","0","FALSE","TRUE","admin@fiestaflix.com"
"One Piece S01 Ep 7","In a seafaring world, a young pirate captain sets out with his crew to attain the title of Pirate King, and to discover the mythical treasure known as 'One Piece'.","Gaheza Simba","Action, Adventure, Comedy","3300","2023","https://www.mediafire.com/file/hla59ssdxf93hg7/One_Piece_Ep7.mp4/file","https://image.tmdb.org/t/p/w500/fcXdJUSDiDiFupuDuNxBYvdEsTX.jpg","","","0","0","FALSE","TRUE","admin@fiestaflix.com"
"One Piece S01 Ep 8 Final","In a seafaring world, a young pirate captain sets out with his crew to attain the title of Pirate King, and to discover the mythical treasure known as 'One Piece'.","Gaheza Simba","Action, Adventure, Comedy","3300","2023","https://www.mediafire.com/file/zjtfk4t9pfyqprk/One_Piece_Ep8_Final.mp4/file","https://image.tmdb.org/t/p/w500/fcXdJUSDiDiFupuDuNxBYvdEsTX.jpg","","","0","0","FALSE","TRUE","admin@fiestaflix.com"
"Vikings: Valhalla S03 Ep 1","Set over a thousand years ago, this sequel chronicles the heroic adventures of some of the most famous Vikings who ever lived, exploring new territories from Constantinople to Greenland.","Gaheza Simba","Action, Adventure, Drama","2820","2024","https://www.mediafire.com/file/qw0otr9q9urq63h/VIKINGS_VALHALLA_S3E01.mp4/file","https://image.tmdb.org/t/p/w500/vikingsValhallaS3Poster500.jpg","","","0","0","FALSE","TRUE","admin@fiestaflix.com"
"Vikings: Valhalla S03 Ep 2","Set over a thousand years ago, this sequel chronicles the heroic adventures of some of the most famous Vikings who ever lived, exploring new territories from Constantinople to Greenland.","Gaheza Simba","Action, Adventure, Drama","2820","2024","https://www.mediafire.com/file/kl33egpy3ikdxh5/VIKINGS_VALHALLA_S3E02.mp4/file","https://image.tmdb.org/t/p/w500/vikingsValhallaS3Poster500.jpg","","","0","0","FALSE","TRUE","admin@fiestaflix.com"
"Vikings: Valhalla S03 Ep 3","Set over a thousand years ago, this sequel chronicles the heroic adventures of some of the most famous Vikings who ever lived, exploring new territories from Constantinople to Greenland.","Gaheza Simba","Action, Adventure, Drama","2820","2024","https://www.mediafire.com/file/y7mytjyi1ar9423/VIKING_VALHALLA_S03E03.mp4/file","https://image.tmdb.org/t/p/w500/vikingsValhallaS3Poster500.jpg","","","0","0","FALSE","TRUE","admin@fiestaflix.com"
"Vikings: Valhalla S03 Ep 4","Set over a thousand years ago, this sequel chronicles the heroic adventures of some of the most famous Vikings who ever lived, exploring new territories from Constantinople to Greenland.","Gaheza Simba","Action, Adventure, Drama","2820","2024","https://www.mediafire.com/file/a1ft0oswgd00bjh/VIKINGS_VALHALLA_S3E04.mp4/file","https://image.tmdb.org/t/p/w500/vikingsValhallaS3Poster500.jpg","","","0","0","FALSE","TRUE","admin@fiestaflix.com"
"Vikings: Valhalla S03 Ep 5","Set over a thousand years ago, this sequel chronicles the heroic adventures of some of the most famous Vikings who ever lived, exploring new territories from Constantinople to Greenland.","Gaheza Simba","Action, Adventure, Drama","2820","2024","https://www.mediafire.com/file/dt3adee1hh4sn1a/VIKINGS_VALHALLA_S3E5.mp4/file","https://image.tmdb.org/t/p/w500/vikingsValhallaS3Poster500.jpg","","","0","0","FALSE","TRUE","admin@fiestaflix.com"
"Vikings: Valhalla S03 Ep 6","Set over a thousand years ago, this sequel chronicles the heroic adventures of some of the most famous Vikings who ever lived, exploring new territories from Constantinople to Greenland.","Gaheza Simba","Action, Adventure, Drama","2820","2024","https://www.mediafire.com/file/u6751xg09zxxq0t/VIKINGS_VALHALLA_S3E6.mp4/file","https://image.tmdb.org/t/p/w500/vikingsValhallaS3Poster500.jpg","","","0","0","FALSE","TRUE","admin@fiestaflix.com"
"Vikings: Valhalla S03 Ep 7","Set over a thousand years ago, this sequel chronicles the heroic adventures of some of the most famous Vikings who ever lived, exploring new territories from Constantinople to Greenland.","Gaheza Simba","Action, Adventure, Drama","2820","2024","https://www.mediafire.com/file/vodcgjfdpm01urj/VIKINGS_VALHALLA_S3E7.mp4/file","https://image.tmdb.org/t/p/w500/vikingsValhallaS3Poster500.jpg","","","0","0","FALSE","TRUE","admin@fiestaflix.com"
"Vikings: Valhalla S03 Ep 8 Final","Set over a thousand years ago, this sequel chronicles the heroic adventures of some of the most famous Vikings who ever lived, exploring new territories from Constantinople to Greenland.","Gaheza Simba","Action, Adventure, Drama","2820","2024","https://www.mediafire.com/file/om921f2oi4h02lo/VIKINGS_VALHALLA_S3_EP8_FINAL.mp4/file","https://image.tmdb.org/t/p/w500/vikingsValhallaS3Poster500.jpg","","","0","0","FALSE","TRUE","admin@fiestaflix.com"
"Vikings: Valhalla S02 Ep 1","Enemies old and new await Freydis, Leif, and Harald as they scatter to the far corners of the globe in pursuit of power and new worlds to conquer.","Gaheza Simba","Action, Adventure, Drama","2820","2023","https://www.mediafire.com/file/1g7g8qkz4omychn/Vikings_Valhalla_S2_Ep1.mp4/file","https://image.tmdb.org/t/p/w500/vikingsValhallaS2Poster500.jpg","","","0","0","FALSE","TRUE","admin@fiestaflix.com"
"Vikings: Valhalla S02 Ep 2","Enemies old and new await Freydis, Leif, and Harald as they scatter to the far corners of the globe in pursuit of power and new worlds to conquer.","Gaheza Simba","Action, Adventure, Drama","2820","2023","https://www.mediafire.com/file/rwhc7o65zmwwlub/Vikings_Valhalla_S2_Ep2.mp4/file","https://image.tmdb.org/t/p/w500/vikingsValhallaS2Poster500.jpg","","","0","0","FALSE","TRUE","admin@fiestaflix.com"
"Vikings: Valhalla S02 Ep 3","Enemies old and new await Freydis, Leif, and Harald as they scatter to the far corners of the globe in pursuit of power and new worlds to conquer.","Gaheza Simba","Action, Adventure, Drama","2820","2023","https://www.mediafire.com/file/uwautw6sq3cw8v8/Vikings_Valhalla_S2_Ep3.mp4/file","https://image.tmdb.org/t/p/w500/vikingsValhallaS2Poster500.jpg","","","0","0","FALSE","TRUE","admin@fiestaflix.com"
"Vikings: Valhalla S02 Ep 4","Enemies old and new await Freydis, Leif, and Harald as they scatter to the far corners of the globe in pursuit of power and new worlds to conquer.","Gaheza Simba","Action, Adventure, Drama","2820","2023","https://www.mediafire.com/file/afc5gyhxizai3x4/Vikings_Valhalla_S2_Ep4.mp4/file","https://image.tmdb.org/t/p/w500/vikingsValhallaS2Poster500.jpg","","","0","0","FALSE","TRUE","admin@fiestaflix.com"
"Vikings: Valhalla S02 Ep 5","Enemies old and new await Freydis, Leif, and Harald as they scatter to the far corners of the globe in pursuit of power and new worlds to conquer.","Gaheza Simba","Action, Adventure, Drama","2820","2023","https://www.mediafire.com/file/9lqoiphz84wj48m/Vikings_Valhalla_S2_Ep5.mp4/file","https://image.tmdb.org/t/p/w500/vikingsValhallaS2Poster500.jpg","","","0","0","FALSE","TRUE","admin@fiestaflix.com"
"Vikings: Valhalla S02 Ep 6","Enemies old and new await Freydis, Leif, and Harald as they scatter to the far corners of the globe in pursuit of power and new worlds to conquer.","Gaheza Simba","Action, Adventure, Drama","2820","2023","https://www.mediafire.com/file/0zi81c1qybwsx0w/Vikings_Valhalla_S2_Ep6.mp4/file","https://image.tmdb.org/t/p/w500/vikingsValhallaS2Poster500.jpg","","","0","0","FALSE","TRUE","admin@fiestaflix.com"
"Vikings: Valhalla S02 Ep 7 - Part A","Enemies old and new await Freydis, Leif, and Harald as they scatter to the far corners of the globe in pursuit of power and new worlds to conquer.","Gaheza Simba","Action, Adventure, Drama","2820","2023","https://www.mediafire.com/file/vk999rqe2wd2gw2/Vikings_Valhalla_S2_Ep7a.mp4/file","https://image.tmdb.org/t/p/w500/vikingsValhallaS2Poster500.jpg","","","0","0","FALSE","TRUE","admin@fiestaflix.com"
"Vikings: Valhalla S02 Ep 8 Final","Enemies old and new await Freydis, Leif, and Harald as they scatter to the far corners of the globe in pursuit of power and new worlds to conquer.","Gaheza Simba","Action, Adventure, Drama","2820","2023","https://www.mediafire.com/file/sh4vsdmhm7391bf/Vikings_Valhalla_S2_Ep8_Final.mp4/file","https://image.tmdb.org/t/p/w500/vikingsValhallaS2Poster500.jpg","","","0","0","FALSE","TRUE","admin@fiestaflix.com"
"My Country: The New Age Ep 01","Set during the end of the Goryeo period into the early Joseon period, two friends become enemies due to differences in opinion about their country.","Junior Giti","Action, Drama, History, Romance","4200","2019","https://www.mediafire.com/file/baioth2p4ucfi4u/My_Country_Ep1_Hd.mp4/file","https://image.tmdb.org/t/p/w500/myCountryNewAgePoster500.jpg","","","0","0","FALSE","TRUE","admin@fiestaflix.com"
"My Country: The New Age Ep 02","Set during the end of the Goryeo period into the early Joseon period, two friends become enemies due to differences in opinion about their country.","Junior Giti","Action, Drama, History, Romance","4200","2019","https://www.mediafire.com/file/ods9k21m7k008aa/My_Country_E02_Hd.Mp4.mp4/file","https://image.tmdb.org/t/p/w500/myCountryNewAgePoster500.jpg","","","0","0","FALSE","TRUE","admin@fiestaflix.com"
"My Country: The New Age Ep 03","Set during the end of the Goryeo period into the early Joseon period, two friends become enemies due to differences in opinion about their country.","Junior Giti","Action, Drama, History, Romance","4200","2019","https://www.mediafire.com/file/q8zvfvjdx5bomzq/My_Country_E03_Hd.mp4/file","https://image.tmdb.org/t/p/w500/myCountryNewAgePoster500.jpg","","","0","0","FALSE","TRUE","admin@fiestaflix.com"
"My Country: The New Age Ep 04","Set during the end of the Goryeo period into the early Joseon period, two friends become enemies due to differences in opinion about their country.","Junior Giti","Action, Drama, History, Romance","4200","2019","https://www.mediafire.com/file/vs8wr5merflrs4x/My.Country_Ep4.in%25C2%25B4.mp4/file","https://image.tmdb.org/t/p/w500/myCountryNewAgePoster500.jpg","","","0","0","FALSE","TRUE","admin@fiestaflix.com"
"My Country: The New Age Ep 05","Set during the end of the Goryeo period into the early Joseon period, two friends become enemies due to differences in opinion about their country.","Junior Giti","Action, Drama, History, Romance","4200","2019","https://www.mediafire.com/file/rasuas2b86ic5nk/My_Country_E05_Hd.mp4/file","https://image.tmdb.org/t/p/w500/myCountryNewAgePoster500.jpg","","","0","0","FALSE","TRUE","admin@fiestaflix.com"
"My Country: The New Age Ep 06","Set during the end of the Goryeo period into the early Joseon period, two friends become enemies due to differences in opinion about their country.","Junior Giti","Action, Drama, History, Romance","4200","2019","https://www.mediafire.com/file/nkuebh3r9lxmrhp/My_Countrry_E06_Hd.mp4/file","https://image.tmdb.org/t/p/w500/myCountryNewAgePoster500.jpg","","","0","0","FALSE","TRUE","admin@fiestaflix.com"
"My Country: The New Age Ep 07","Set during the end of the Goryeo period into the early Joseon period, two friends become enemies due to differences in opinion about their country.","Junior Giti","Action, Drama, History, Romance","4200","2019","https://www.mediafire.com/file/jjdt6nlknedfnui/My_Country_E07_Hd.mp4/file","https://image.tmdb.org/t/p/w500/myCountryNewAgePoster500.jpg","","","0","0","FALSE","TRUE","admin@fiestaflix.com"
"My Country: The New Age Ep 08","Set during the end of the Goryeo period into the early Joseon period, two friends become enemies due to differences in opinion about their country.","Junior Giti","Action, Drama, History, Romance","4200","2019","https://www.mediafire.com/file/etyx5yrgrcnylus/My_Country_E08_Hd.mp4/file","https://image.tmdb.org/t/p/w500/myCountryNewAgePoster500.jpg","","","0","0","FALSE","TRUE","admin@fiestaflix.com"
"My Country: The New Age Ep 09","Set during the end of the Goryeo period into the early Joseon period, two friends become enemies due to differences in opinion about their country.","Junior Giti","Action, Drama, History, Romance","4200","2019","https://www.mediafire.com/file/le8jodpc40883dk/My_Country_E09_Hd.mp4/file","https://image.tmdb.org/t/p/w500/myCountryNewAgePoster500.jpg","","","0","0","FALSE","TRUE","admin@fiestaflix.com"
"My Country: The New Age Ep 10","Set during the end of the Goryeo period into the early Joseon period, two friends become enemies due to differences in opinion about their country.","Junior Giti","Action, Drama, History, Romance","4200","2019","https://www.mediafire.com/file/eyfuajenoiyw9j3/My_Country_E010_Hd.mp4/file","https://image.tmdb.org/t/p/w500/myCountryNewAgePoster500.jpg","","","0","0","FALSE","TRUE","admin@fiestaflix.com"
"My Country: The New Age Ep 11","Set during the end of the Goryeo period into the early Joseon period, two friends become enemies due to differences in opinion about their country.","Junior Giti","Action, Drama, History, Romance","4200","2019","https://www.mediafire.com/file/d8ylrkxoag537ij/My_Country_E011_Hd.mp4/file","https://image.tmdb.org/t/p/w500/myCountryNewAgePoster500.jpg","","","0","0","FALSE","TRUE","admin@fiestaflix.com"
"My Country: The New Age Ep 12","Set during the end of the Goryeo period into the early Joseon period, two friends become enemies due to differences in opinion about their country.","Junior Giti","Action, Drama, History, Romance","4200","2019","https://www.mediafire.com/file/22jglypuwwt4htd/My_Country_E012_Hd.mp4/file","https://image.tmdb.org/t/p/w500/myCountryNewAgePoster500.jpg","","","0","0","FALSE","TRUE","admin@fiestaflix.com"
"My Country: The New Age Ep 13","Set during the end of the Goryeo period into the early Joseon period, two friends become enemies due to differences in opinion about their country.","Junior Giti","Action, Drama, History, Romance","4200","2019","https://www.mediafire.com/file/omfsjxalnbfeu48/My_Country_E013_Hd.mp4/file","https://image.tmdb.org/t/p/w500/myCountryNewAgePoster500.jpg","","","0","0","FALSE","TRUE","admin@fiestaflix.com"
"My Country: The New Age Ep 14","Set during the end of the Goryeo period into the early Joseon period, two friends become enemies due to differences in opinion about their country.","Junior Giti","Action, Drama, History, Romance","4200","2019","https://www.mediafire.com/file/plxvqhgmlh5mrly/My_Country_E014_Hd.mp4/file","https://image.tmdb.org/t/p/w500/myCountryNewAgePoster500.jpg","","","0","0","FALSE","TRUE","admin@fiestaflix.com"
"My Country: The New Age Ep 15","Set during the end of the Goryeo period into the early Joseon period, two friends become enemies due to differences in opinion about their country.","Junior Giti","Action, Drama, History, Romance","4200","2019","https://www.mediafire.com/file/law1nov7l53h7ho/My_Country_E015_Hd.mp4/file","https://image.tmdb.org/t/p/w500/myCountryNewAgePoster500.jpg","","","0","0","FALSE","TRUE","admin@fiestaflix.com"
"My Country: The New Age Ep 16 Final","Set during the end of the Goryeo period into the early Joseon period, two friends become enemies due to differences in opinion about their country.","Junior Giti","Action, Drama, History, Romance","4200","2019","https://www.mediafire.com/file/msjuptumtqosqk1/My_Country_E016_Final_Hd.mp4/file","https://image.tmdb.org/t/p/w500/myCountryNewAgePoster500.jpg","","","0","0","FALSE","TRUE","admin@fiestaflix.com"
"Six S01 Ep 1","Navy SEAL Team Six attempts to eliminate a Taliban leader in Afghanistan when they discover an American citizen working with the enemy.","Junior Giti","Action, Drama, History, War","2580","2017","https://www.mediafire.com/file/aiu88c6jdyjkp85/Six_Ep1hd.mp4_2.mp4/file","https://image.tmdb.org/t/p/w500/sixHistoryChannelPoster500.jpg","","","0","0","FALSE","TRUE","admin@fiestaflix.com"
"Six S01 Ep 2","Navy SEAL Team Six attempts to eliminate a Taliban leader in Afghanistan when they discover an American citizen working with the enemy.","Junior Giti","Action, Drama, History, War","2580","2017","https://www.mediafire.com/file/oaq64uheysy4ivo/Six_Ep2_Hd.mp4.mp4/file","https://image.tmdb.org/t/p/w500/sixHistoryChannelPoster500.jpg","","","0","0","FALSE","TRUE","admin@fiestaflix.com"
"Six S01 Ep 3","Navy SEAL Team Six attempts to eliminate a Taliban leader in Afghanistan when they discover an American citizen working with the enemy.","Junior Giti","Action, Drama, History, War","2580","2017","https://www.mediafire.com/file/kz4in7ocpfbf4ek/Six_Ep3_Hd.mp4.mp4/file","https://image.tmdb.org/t/p/w500/sixHistoryChannelPoster500.jpg","","","0","0","FALSE","TRUE","admin@fiestaflix.com"
"Six S01 Ep 4","Navy SEAL Team Six attempts to eliminate a Taliban leader in Afghanistan when they discover an American citizen working with the enemy.","Junior Giti","Action, Drama, History, War","2580","2017","https://www.mediafire.com/file/n7zy7k1a2hlvymq/Six_S01_Ep4_Hd.mp4/file","https://image.tmdb.org/t/p/w500/sixHistoryChannelPoster500.jpg","","","0","0","FALSE","TRUE","admin@fiestaflix.com"
"Six S01 Ep 5","Navy SEAL Team Six attempts to eliminate a Taliban leader in Afghanistan when they discover an American citizen working with the enemy.","Junior Giti","Action, Drama, History, War","2580","2017","https://www.mediafire.com/file/u1qe20mvi0yj2eh/Six_S01_Ep5_Hd.mp4/file","https://image.tmdb.org/t/p/w500/sixHistoryChannelPoster500.jpg","","","0","0","FALSE","TRUE","admin@fiestaflix.com"
"Six S01 Ep 6","Navy SEAL Team Six attempts to eliminate a Taliban leader in Afghanistan when they discover an American citizen working with the enemy.","Junior Giti","Action, Drama, History, War","2580","2017","https://www.mediafire.com/file/eizqkjjxrk20lnk/Six_S01_Ep6_Hd.mp4/file","https://image.tmdb.org/t/p/w500/sixHistoryChannelPoster500.jpg","","","0","0","FALSE","TRUE","admin@fiestaflix.com"
"Six S01 Ep 7","Navy SEAL Team Six attempts to eliminate a Taliban leader in Afghanistan when they discover an American citizen working with the enemy.","Junior Giti","Action, Drama, History, War","2580","2017","https://www.mediafire.com/file/x6pltg02erruywq/Six_S01_Ep7_Hd.mp4/file","https://image.tmdb.org/t/p/w500/sixHistoryChannelPoster500.jpg","","","0","0","FALSE","TRUE","admin@fiestaflix.com"
"Six S01 Ep 8 Final","Navy SEAL Team Six attempts to eliminate a Taliban leader in Afghanistan when they discover an American citizen working with the enemy.","Junior Giti","Action, Drama, History, War","2580","2017","https://www.mediafire.com/file/k1g9hongv8rypew/Six_S1_Ep8_Final_Hd.mp4/file","https://image.tmdb.org/t/p/w500/sixHistoryChannelPoster500.jpg","","","0","0","FALSE","TRUE","admin@fiestaflix.com"
"The Polygamist Ep 01","A complex web of traditional expectations, jealousy, and fierce ambition ensues when a wealthy patriarch balances multiple households under one roof.","Junior Giti","Drama, Romance","2700","2026","https://www.mediafire.com/file/1kk2y0epkwu5eid/Polygamist_2026_Ep1.mp4/file","https://image.tmdb.org/t/p/w500/polygamist2026Poster500.jpg","","","0","0","FALSE","TRUE","admin@fiestaflix.com"
"The Polygamist Ep 02","A complex web of traditional expectations, jealousy, and fierce ambition ensues when a wealthy patriarch balances multiple households under one roof.","Junior Giti","Drama, Romance","2700","2026","https://www.mediafire.com/file/43ehwbdcohd7uvp/Polygamist_2026_Ep2.mp4/file","https://image.tmdb.org/t/p/w500/polygamist2026Poster500.jpg","","","0","0","FALSE","TRUE","admin@fiestaflix.com"
"The Polygamist Ep 03","A complex web of traditional expectations, jealousy, and fierce ambition ensues when a wealthy patriarch balances multiple households under one roof.","Junior Giti","Drama, Romance","2700","2026","https://www.mediafire.com/file/t8w5v9yx7i0l1t1/Polygamist_%25282026%2529_Ep3.mp4/file","https://image.tmdb.org/t/p/w500/polygamist2026Poster500.jpg","","","0","0","FALSE","TRUE","admin@fiestaflix.com"
"The Polygamist Ep 04","A complex web of traditional expectations, jealousy, and fierce ambition ensues when a wealthy patriarch balances multiple households under one roof.","Junior Giti","Drama, Romance","2700","2026","https://www.mediafire.com/file/7uettxr0vttbco9/Polygamist_%25282026%2529_Ep4.mp4/file","https://image.tmdb.org/t/p/w500/polygamist2026Poster500.jpg","","","0","0","FALSE","TRUE","admin@fiestaflix.com"
"The Polygamist Ep 05","A complex web of traditional expectations, jealousy, and fierce ambition ensues when a wealthy patriarch balances multiple households under one roof.","Junior Giti","Drama, Romance","2700","2026","https://www.mediafire.com/file/y17y384buxuo83i/Polygamist_%25282026%2529_Ep5.mp4/file","https://image.tmdb.org/t/p/w500/polygamist2026Poster500.jpg","","","0","0","FALSE","TRUE","admin@fiestaflix.com"
"The Polygamist Ep 06","A complex web of traditional expectations, jealousy, and fierce ambition ensues when a wealthy patriarch balances multiple households under one roof.","Junior Giti","Drama, Romance","2700","2026","https://www.mediafire.com/file/qnj8hzh6xz2f8t5/Polygamist_%25282026%2529_Ep6.mp4/file","https://image.tmdb.org/t/p/w500/polygamist2026Poster500.jpg","","","0","0","FALSE","TRUE","admin@fiestaflix.com"
"The Polygamist Ep 07","A complex web of traditional expectations, jealousy, and fierce ambition ensues when a wealthy patriarch balances multiple households under one roof.","Junior Giti","Drama, Romance","2700","2026","https://www.mediafire.com/file/i6m9ehlmi13dikh/Polygamist_%25282026%2529_Ep7.mp4/file","https://image.tmdb.org/t/p/w500/polygamist2026Poster500.jpg","","","0","0","FALSE","TRUE","admin@fiestaflix.com"
"The Polygamist Ep 08","A complex web of traditional expectations, jealousy, and fierce ambition ensues when a wealthy patriarch balances multiple households under one roof.","Junior Giti","Drama, Romance","2700","2026","https://www.mediafire.com/file/fwiv52qk5hknunh/Polygamist_%25282026%2529_Ep8.mp4/file","https://image.tmdb.org/t/p/w500/polygamist2026Poster500.jpg","","","0","0","FALSE","TRUE","admin@fiestaflix.com"
"The Polygamist Ep 09","A complex web of traditional expectations, jealousy, and fierce ambition ensues when a wealthy patriarch balances multiple households under one roof.","Junior Giti","Drama, Romance","2700","2026","https://www.mediafire.com/file/4sxoq3zrs8nyan7/Polygamist_%25282026%2529_Ep9.mp4/file","https://image.tmdb.org/t/p/w500/polygamist2026Poster500.jpg","","","0","0","FALSE","TRUE","admin@fiestaflix.com"
"The Polygamist Ep 10","A complex web of traditional expectations, jealousy, and fierce ambition ensues when a wealthy patriarch balances multiple households under one roof.","Junior Giti","Drama, Romance","2700","2026","https://www.mediafire.com/file/xtfe67k2d97nhs8/Polygamist_%25282026%2529_ep10.mp4/file","https://image.tmdb.org/t/p/w500/polygamist2026Poster500.jpg","","","0","0","FALSE","TRUE","admin@fiestaflix.com"
"The Polygamist Ep 11","A complex web of traditional expectations, jealousy, and fierce ambition ensues when a wealthy patriarch balances multiple households under one roof.","Junior Giti","Drama, Romance","2700","2026","https://www.mediafire.com/file/7gyhkwf1y4xvf6q/Polygamist_%25282026%2529_Ep11.mp4/file","https://image.tmdb.org/t/p/w500/polygamist2026Poster500.jpg","","","0","0","FALSE","TRUE","admin@fiestaflix.com"
"The Polygamist Ep 12","A complex web of traditional expectations, jealousy, and fierce ambition ensues when a wealthy patriarch balances multiple households under one roof.","Junior Giti","Drama, Romance","2700","2026","https://www.mediafire.com/file/0dxzptvdkexw26q/Polygamist_%25282026%2529_Ep12.mp4/file","https://image.tmdb.org/t/p/w500/polygamist2026Poster500.jpg","","","0","0","FALSE","TRUE","admin@fiestaflix.com"
"The Polygamist Ep 13","A complex web of traditional expectations, jealousy, and fierce ambition ensues when a wealthy patriarch balances multiple households under one roof.","Junior Giti","Drama, Romance","2700","2026","https://www.mediafire.com/file/vd0oy2ulbak936e/Polygamist_%25282026%2529_Ep13.mp4/file","https://image.tmdb.org/t/p/w500/polygamist2026Poster500.jpg","","","0","0","FALSE","TRUE","admin@fiestaflix.com"
"The Polygamist Ep 14","A complex web of traditional expectations, jealousy, and fierce ambition ensues when a wealthy patriarch balances multiple households under one roof.","Junior Giti","Drama, Romance","2700","2026","https://www.mediafire.com/file/lcpoz1ngtolmega/Polygamist_%25282026%2529_Ep14.mp4/file","https://image.tmdb.org/t/p/w500/polygamist2026Poster500.jpg","","","0","0","FALSE","TRUE","admin@fiestaflix.com"
"The Polygamist Ep 15","A complex web of traditional expectations, jealousy, and fierce ambition ensues when a wealthy patriarch balances multiple households under one roof.","Junior Giti","Drama, Romance","2700","2026","https://www.mediafire.com/file/ll219b6xy0ojv5l/Polygamist_%25282026%2529_Ep15.mp4/file","https://image.tmdb.org/t/p/w500/polygamist2026Poster500.jpg","","","0","0","FALSE","TRUE","admin@fiestaflix.com"
"The Polygamist Ep 16","A complex web of traditional expectations, jealousy, and fierce ambition ensues when a wealthy patriarch balances multiple households under one roof.","Junior Giti","Drama, Romance","2700","2026","https://www.mediafire.com/file/4fo1bpsic07cdri/Polygamist_%25282026%2529_Ep16.mp4/file","https://image.tmdb.org/t/p/w500/polygamist2026Poster500.jpg","","","0","0","FALSE","TRUE","admin@fiestaflix.com"
"The Polygamist Ep 17","A complex web of traditional expectations, jealousy, and fierce ambition ensues when a wealthy patriarch balances multiple households under one roof.","Junior Giti","Drama, Romance","2700","2026","https://www.mediafire.com/file/an6rqtv7qmohi2o/Watch_Polygamist_%25282026%2529_17.mp4/file","https://image.tmdb.org/t/p/w500/polygamist2026Poster500.jpg","","","0","0","FALSE","TRUE","admin@fiestaflix.com"
"The Polygamist Ep 18","A complex web of traditional expectations, jealousy, and fierce ambition ensues when a wealthy patriarch balances multiple households under one roof.","Junior Giti","Drama, Romance","2700","2026","https://www.mediafire.com/file/puw7drr2ulp2wn1/Watch_Polygamist_%25282026%2529_18.mp4/file","https://image.tmdb.org/t/p/w500/polygamist2026Poster500.jpg","","","0","0","FALSE","TRUE","admin@fiestaflix.com"
"The Polygamist Ep 19","A complex web of traditional expectations, jealousy, and fierce ambition ensues when a wealthy patriarch balances multiple households under one roof.","Junior Giti","Drama, Romance","2700","2026","https://www.mediafire.com/file/qx38v80nrx4gaib/Polygamist_%25282026%2529_19.mp4/file","https://image.tmdb.org/t/p/w500/polygamist2026Poster500.jpg","","","0","0","FALSE","TRUE","admin@fiestaflix.com"
"The Polygamist Ep 20","A complex web of traditional expectations, jealousy, and fierce ambition ensues when a wealthy patriarch balances multiple households under one roof.","Junior Giti","Drama, Romance","2700","2026","https://www.mediafire.com/file/9m0n48tqgt2ds7l/Polygamist_%25282026%2529_20.mp4/file","https://image.tmdb.org/t/p/w500/polygamist2026Poster500.jpg","","","0","0","FALSE","TRUE","admin@fiestaflix.com"
"The Polygamist Ep 21","A complex web of traditional expectations, jealousy, and fierce ambition ensues when a wealthy patriarch balances multiple households under one roof.","Junior Giti","Drama, Romance","2700","2026","https://www.mediafire.com/file/o3ekggpnf38e8qd/Polygamist_%25282026%2529_21.mp4/file","https://image.tmdb.org/t/p/w500/polygamist2026Poster500.jpg","","","0","0","FALSE","TRUE","admin@fiestaflix.com"
"The Polygamist Ep 22 Final","A complex web of traditional expectations, jealousy, and fierce ambition ensues when a wealthy patriarch balances multiple households under one roof.","Junior Giti","Drama, Romance","2700","2026","https://www.mediafire.com/file/rl5hluqnqx9s6x2/Polygamist_%25282026%2529_22_Final_Giti.mp4/file","https://image.tmdb.org/t/p/w500/polygamist2026Poster500.jpg","","","0","0","FALSE","TRUE","admin@fiestaflix.com"